# Blender 4.3.0
# www.blender.org
mtllib collison.mtl
o geometry_2.004
v 0.008434 0.020789 -0.004193
v 0.006494 0.020756 -0.001271
v 0.013495 0.020760 -0.001368
v 0.009055 0.020695 -0.005649
v 0.012223 0.020743 -0.003375
v 0.007208 0.020658 0.000076
v 0.013108 0.020665 -0.000261
v 0.008633 0.020380 -0.007148
v 0.000251 0.019974 -0.005536
v 0.010506 0.020271 0.002391
v 0.014848 0.020559 -0.002625
v 0.011511 0.020079 -0.008358
v 0.014186 0.020511 -0.004326
v -0.000517 0.019725 -0.006938
v 0.009456 0.020125 0.002920
v 0.015370 0.020031 0.001320
v 0.015970 0.020107 -0.000085
v 0.007244 0.019390 -0.010966
v 0.012165 0.019616 -0.009618
v 0.015788 0.020176 -0.004791
v -0.013325 0.018104 -0.002748
v 0.002138 0.020140 -0.000631
v 0.014178 0.019380 0.004095
v 0.016822 0.019104 0.002062
v 0.016056 0.020249 -0.003684
v 0.007069 0.018899 -0.012344
v 0.013682 0.020166 -0.006690
v -0.002359 0.018805 -0.010180
v -0.006252 0.018652 0.001194
v -0.008997 0.017416 0.003472
v 0.003022 0.018776 0.005244
v 0.011677 0.019574 0.004274
v 0.018145 0.018880 -0.001149
v 0.018314 0.018956 -0.002873
v 0.018326 0.018844 -0.004416
v 0.015272 0.019522 -0.007694
v 0.017180 0.018885 -0.007476
v 0.003221 0.018723 -0.012154
v 0.012480 0.018761 -0.011368
v -0.002789 0.018439 -0.011308
v -0.007434 0.018869 -0.005831
v -0.018241 0.017029 -0.007061
v -0.010861 0.018150 -0.000314
v 0.001921 0.017184 0.007820
v 0.009788 0.018724 0.006477
v 0.013721 0.018776 0.005771
v 0.015019 0.018766 0.005197
v 0.018329 0.017356 0.003792
v 0.019474 0.017175 0.001486
v 0.018000 0.018645 -0.006524
v 0.016067 0.018723 -0.009186
v 0.009917 0.017136 -0.014969
v 0.000087 0.017166 -0.014770
v -0.002376 0.017084 -0.014564
v -0.003714 0.017990 -0.012214
v 0.014165 0.018566 -0.011034
v -0.013409 0.018110 -0.003931
v -0.007747 0.017025 0.004872
v -0.010977 0.016310 0.004939
v -0.002595 0.016065 0.008100
v 0.002116 0.015915 0.009552
v 0.013557 0.017365 0.008027
v 0.016025 0.017286 0.006617
v 0.017905 0.017070 0.005010
v 0.019191 0.015811 0.004682
v 0.019879 0.017280 -0.000521
v 0.020741 0.015893 0.000924
v 0.019466 0.017245 -0.006934
v 0.017447 0.017266 -0.010709
v 0.008438 0.017245 -0.014958
v 0.009072 0.015770 -0.016513
v 0.014212 0.017330 -0.013406
v -0.004897 0.016132 -0.015461
v -0.016569 0.015874 -0.012144
v -0.009919 0.017494 -0.010645
v -0.017692 0.017330 -0.004598
v -0.017506 0.017322 -0.003083
v -0.009498 0.017984 0.001534
v -0.027340 0.014290 0.000682
v -0.026820 0.013802 0.001846
v -0.010703 0.014318 0.007904
v 0.004346 0.017321 0.008006
v 0.012098 0.017325 0.008280
v 0.013606 0.016121 0.009365
v 0.016028 0.016109 0.008110
v 0.017088 0.015741 0.007697
v 0.020386 0.013051 0.006487
v 0.020829 0.016111 -0.000434
v 0.021736 0.013229 0.003059
v 0.020124 0.017095 -0.003709
v 0.020683 0.016325 -0.004620
v 0.015642 0.017409 -0.012391
v 0.018396 0.017449 -0.008920
v 0.017865 0.016140 -0.012050
v 0.003209 0.015947 -0.016646
v 0.008291 0.014396 -0.017789
v 0.014796 0.014346 -0.016406
v -0.005154 0.015555 -0.016160
v -0.018508 0.014336 -0.013943
v -0.032267 0.012940 -0.010468
v -0.023020 0.015904 -0.007656
v -0.012793 0.014193 0.007330
v -0.031296 0.013051 0.000892
v 0.003098 0.014548 0.011021
v 0.010962 0.016005 0.009829
v 0.013723 0.014468 0.010897
v 0.014908 0.013836 0.010941
v 0.016953 0.013594 0.009840
v 0.019404 0.012881 0.008001
v 0.023353 0.004803 0.010132
v 0.022614 0.011290 0.003877
v 0.022992 0.013120 -0.002470
v 0.022995 0.011670 0.001885
v 0.021711 0.014257 -0.007781
v 0.020458 0.014305 -0.010983
v 0.019571 0.014607 -0.012311
v 0.016482 0.015904 -0.013844
v -0.000082 0.015960 -0.016546
v -0.000044 0.014509 -0.017753
v 0.003447 0.011990 -0.019420
v 0.015240 0.015796 -0.014815
v -0.008706 0.014518 -0.016645
v -0.024865 0.013134 -0.013333
v -0.036461 0.011604 -0.010645
v -0.027386 0.015174 -0.005600
v -0.019257 0.016491 -0.008531
v -0.041137 0.011399 -0.007280
v -0.031524 0.014213 -0.004290
v -0.030190 0.014398 -0.003065
v -0.044769 0.009940 -0.001639
v -0.034993 0.010116 0.003506
v 0.000970 0.014304 0.010964
v 0.008220 0.015691 0.010212
v 0.012924 0.011009 0.013827
v 0.014645 0.012289 0.012364
v 0.018248 0.011509 0.010606
v 0.023353 0.002209 0.011613
v 0.023353 0.000254 0.011964
v 0.023353 -0.002359 0.011874
v 0.023354 -0.003900 0.011187
v 0.023353 -0.008584 0.007785
v 0.023353 -0.010381 0.005155
v 0.023351 -0.010914 0.002451
v 0.023352 -0.010729 -0.000829
v 0.023353 -0.008351 -0.005994
v 0.023352 -0.005423 -0.009290
v 0.023352 -0.000113 -0.012755
v 0.023353 0.002905 -0.013324
v 0.023353 0.005990 -0.012955
v 0.023352 0.007877 -0.012270
v 0.023353 0.009582 -0.011099
v 0.023349 0.011007 -0.009148
v 0.023353 0.011776 -0.007000
v 0.023353 0.012510 -0.003600
v 0.023351 0.011780 -0.000089
v 0.023352 0.010230 0.003235
v 0.021201 0.015767 -0.002746
v 0.022897 0.013180 -0.004278
v 0.016773 0.014560 -0.015163
v 0.021353 0.012067 -0.012471
v 0.018993 0.014275 -0.013330
v 0.002257 0.014360 -0.017968
v 0.013012 0.012920 -0.017873
v 0.010927 0.011736 -0.018830
v -0.007765 0.013186 -0.017763
v -0.020433 0.012904 -0.014970
v -0.034007 0.010154 -0.013455
v -0.041163 0.010101 -0.010415
v -0.043303 0.010814 -0.003183
v -0.014123 0.013191 0.008011
v -0.045123 0.008682 0.000607
v -0.019144 0.011515 0.007964
v -0.004529 0.011145 0.012164
v 0.001747 0.013289 0.011911
v 0.008749 0.014618 0.011255
v 0.011998 0.010728 0.014120
v 0.015931 0.008793 0.013939
v 0.016058 0.005461 0.015250
v 0.022976 0.010614 -0.010988
v 0.016073 0.013261 -0.016544
v 0.020760 0.011756 -0.013773
v -0.005731 0.011321 -0.019348
v -0.017016 0.010101 -0.017860
v -0.039937 0.009621 -0.011523
v -0.050687 0.007199 -0.009246
v -0.045276 0.010192 -0.006709
v -0.043402 0.010908 -0.005670
v -0.049185 0.008962 -0.003123
v -0.053941 0.006973 -0.002531
v -0.053828 0.006148 -0.000886
v -0.039419 0.008531 0.003319
v -0.029660 0.010089 0.005575
v -0.022821 0.010010 0.007951
v -0.008738 0.011514 0.010867
v -0.000201 0.010089 0.013814
v 0.014811 0.010081 0.013761
v 0.016640 0.003250 0.015510
v 0.014413 0.007518 0.015106
v 0.014840 0.002893 0.016469
v 0.019506 0.011700 -0.015111
v 0.014664 0.012241 -0.017606
v 0.018294 0.011035 -0.016360
v 0.021740 0.010455 -0.013535
v 0.011664 0.010679 -0.019067
v 0.013679 0.010124 -0.018686
v 0.004729 0.008312 -0.020844
v -0.002295 0.008411 -0.020861
v -0.006167 0.010711 -0.019577
v -0.022986 0.010137 -0.016495
v -0.029938 0.009909 -0.014858
v -0.036457 0.008839 -0.013748
v -0.054360 0.005471 -0.009182
v -0.056680 0.005764 -0.007839
v -0.053640 0.007034 -0.007733
v -0.055473 0.006931 -0.005658
v -0.046859 0.009847 -0.004201
v -0.056280 0.005800 -0.002091
v -0.047427 0.008705 -0.000790
v -0.045251 0.005405 0.003617
v -0.034612 0.005975 0.006805
v -0.010150 0.010544 0.011140
v -0.006812 0.010090 0.012297
v 0.001173 0.010100 0.014006
v 0.006220 0.010650 0.014035
v 0.011833 0.009510 0.014840
v 0.012555 0.008749 0.015154
v 0.016449 -0.002414 0.016500
v 0.016140 -0.001490 0.016617
v 0.014815 0.001146 0.016865
v 0.012841 0.005453 0.016332
v 0.022884 0.009592 -0.012148
v 0.018148 0.006874 -0.017842
v 0.021771 0.007132 -0.015035
v 0.020260 0.010280 -0.015140
v 0.022862 0.007167 -0.013533
v -0.026107 0.008801 -0.016578
v -0.034291 0.008386 -0.014711
v -0.056535 0.004180 -0.009217
v -0.046312 0.005757 -0.012142
v -0.055659 0.006837 -0.004295
v -0.056426 0.004441 -0.000576
v -0.047934 0.005829 0.002285
v 0.002836 0.007331 0.015525
v 0.005149 0.005126 0.016736
v 0.018049 -0.003699 0.015465
v 0.011639 0.005435 0.016556
v 0.013591 0.008049 -0.019290
v 0.020677 0.005800 -0.016289
v 0.019492 0.008360 -0.016490
v 0.006038 0.006801 -0.021025
v 0.004317 0.006832 -0.021236
v -0.002272 0.006559 -0.021378
v -0.007354 0.010264 -0.019610
v -0.004148 0.007874 -0.020861
v -0.021058 0.003950 -0.019469
v -0.026718 0.007159 -0.017243
v -0.033278 0.005684 -0.016471
v -0.051096 0.004429 -0.011136
v -0.057570 0.004781 -0.008241
v -0.057695 0.005834 -0.006521
v -0.057824 0.005894 -0.005673
v -0.057697 0.005876 -0.004553
v -0.058524 0.004363 -0.002530
v -0.054201 0.004270 0.000724
v -0.050315 0.004419 0.002324
v -0.012185 0.006791 0.012455
v -0.004307 0.003333 0.015502
v 0.003753 0.004688 0.016724
v 0.006317 0.009149 0.014899
v 0.018150 -0.005766 0.015213
v 0.015995 -0.005980 0.016489
v 0.021071 -0.007050 0.012311
v 0.019861 -0.005942 0.013866
v 0.014247 -0.001135 0.017355
v 0.011335 0.002199 0.017496
v 0.013077 0.001103 0.017449
v 0.018191 0.006289 -0.017961
v 0.021938 0.004047 -0.015340
v 0.022782 0.004030 -0.014193
v 0.007694 0.002737 -0.021470
v 0.006299 0.002411 -0.021704
v -0.000432 0.003016 -0.022100
v -0.001005 0.003821 -0.021965
v -0.015590 0.005196 -0.019991
v -0.030714 0.004727 -0.017460
v -0.014765 0.003612 -0.020470
v -0.034314 0.004427 -0.016708
v -0.053914 0.002992 -0.010710
v -0.055259 0.001501 -0.010762
v -0.057578 0.002780 -0.009243
v -0.059946 0.002902 -0.007880
v -0.058900 0.004295 -0.007645
v -0.059555 0.004450 -0.005660
v -0.059582 0.004286 -0.004216
v -0.059791 0.002925 -0.002290
v -0.057911 0.002994 -0.000520
v -0.056023 0.002860 0.000755
v -0.049065 0.002924 0.003636
v -0.038023 0.003620 0.006724
v -0.002504 0.001790 0.016281
v 0.000066 0.002761 0.016583
v 0.009412 0.002428 0.017599
v 0.018789 -0.008672 0.013871
v 0.021916 -0.007674 0.010994
v 0.013045 -0.001269 0.017676
v 0.013510 -0.003574 0.017625
v 0.010172 0.000816 0.017845
v 0.018721 0.003292 -0.017957
v 0.014342 0.000852 -0.020035
v 0.012750 0.001010 -0.020528
v -0.005230 0.002016 -0.021913
v -0.029563 0.002121 -0.018360
v -0.032269 0.003600 -0.017449
v -0.057780 -0.000878 -0.009359
v -0.059997 0.000066 -0.008024
v -0.042889 0.000220 -0.015034
v -0.054373 -0.000400 -0.011176
v -0.061184 0.001231 -0.006264
v -0.061050 0.002230 -0.005632
v -0.060397 0.003394 -0.005863
v -0.060226 0.001497 -0.001691
v -0.060766 0.002817 -0.004269
v -0.061145 0.000372 -0.001964
v -0.040236 0.001719 0.006726
v 0.004546 0.002176 0.017534
v 0.015365 -0.006935 0.016553
v 0.017040 -0.008356 0.015249
v 0.013679 -0.005000 0.017420
v 0.019579 -0.009460 0.012615
v 0.018253 -0.009987 0.013714
v 0.022884 -0.007209 0.009828
v 0.019420 0.003042 -0.017502
v 0.022817 0.002086 -0.014194
v 0.021686 0.002532 -0.015599
v 0.006972 0.000724 -0.021733
v -0.007736 0.000744 -0.021744
v -0.024352 0.001556 -0.019337
v -0.029961 0.000529 -0.018415
v -0.057685 -0.002829 -0.009319
v -0.051901 -0.001448 -0.012165
v -0.038112 0.001041 -0.016304
v -0.041683 -0.000700 -0.015454
v -0.052901 -0.002466 -0.011584
v -0.061152 -0.000031 -0.006485
v -0.061227 0.001894 -0.004230
v -0.059940 0.000164 -0.000562
v -0.057872 0.000051 0.000764
v -0.061200 0.001589 -0.003224
v -0.040463 0.000810 0.006775
v -0.050799 0.000448 0.003518
v -0.002391 -0.001334 0.016631
v 0.002257 0.000705 0.017376
v 0.005200 0.000608 0.017840
v 0.015756 -0.010064 0.015340
v 0.016023 -0.014322 0.012295
v 0.019057 -0.012776 0.010778
v 0.019944 -0.011420 0.010914
v 0.020656 -0.011856 0.009570
v 0.023122 -0.009289 0.007628
v 0.009226 -0.002945 0.018084
v 0.010507 -0.005175 0.017811
v 0.018330 -0.000618 -0.018091
v 0.013769 -0.000634 -0.020229
v 0.011873 -0.001065 -0.020759
v 0.022929 0.000026 -0.013687
v 0.021834 0.000135 -0.015147
v 0.018298 -0.001519 -0.018045
v 0.007605 -0.002339 -0.021592
v 0.003585 -0.001355 -0.022261
v -0.003892 0.000754 -0.022154
v -0.003666 -0.000698 -0.022098
v -0.012923 -0.001331 -0.020965
v -0.027298 0.000582 -0.018931
v -0.031189 -0.001386 -0.018022
v -0.044203 -0.002376 -0.014652
v -0.035276 -0.002559 -0.016993
v -0.045855 -0.003623 -0.014059
v -0.046530 -0.004423 -0.013685
v -0.061543 -0.001376 -0.004144
v -0.061492 0.000744 -0.004230
v -0.061145 -0.000636 -0.001590
v -0.059894 -0.000728 -0.000335
v -0.061468 -0.000690 -0.002790
v -0.042549 -0.001144 0.006278
v -0.002347 -0.002766 0.016631
v 0.000190 -0.001712 0.017107
v 0.013684 -0.008687 0.016687
v 0.011549 -0.007910 0.017359
v 0.014592 -0.011499 0.015230
v 0.017228 -0.014715 0.010889
v 0.019467 -0.013354 0.009724
v 0.008146 -0.003104 0.018065
v 0.007440 -0.003736 -0.021497
v 0.001323 -0.002684 -0.022174
v -0.001132 -0.003236 -0.021993
v -0.027671 -0.006009 -0.017892
v -0.057370 -0.004655 -0.008510
v -0.058886 -0.003845 -0.007851
v -0.059953 -0.001584 -0.007880
v -0.053544 -0.004296 -0.010735
v -0.049272 -0.005540 -0.012168
v -0.060960 -0.001841 -0.006161
v -0.061168 -0.002958 -0.005107
v -0.061384 -0.002128 -0.002790
v -0.060024 -0.002145 -0.000397
v -0.061137 -0.002028 -0.001635
v -0.051812 -0.000790 0.003164
v -0.045148 -0.001534 0.005437
v 0.012729 -0.010094 0.016439
v 0.011475 -0.009840 0.016793
v 0.013575 -0.014237 0.013701
v 0.013659 -0.015789 0.012339
v 0.015993 -0.015789 0.010933
v 0.017223 -0.017305 0.008043
v 0.022851 -0.011557 0.004889
v 0.018023 -0.003208 -0.017701
v 0.021697 -0.001351 -0.014946
v 0.019583 -0.003199 -0.016355
v 0.014738 -0.004145 -0.019324
v 0.013037 -0.003519 -0.020082
v 0.010615 -0.004445 -0.020635
v 0.023078 -0.001365 -0.012552
v 0.008052 -0.005596 -0.020927
v -0.032221 -0.004324 -0.017376
v -0.052990 -0.005695 -0.010365
v -0.057242 -0.005739 -0.007780
v -0.060004 -0.004330 -0.006334
v -0.061167 -0.003249 -0.004171
v -0.061130 -0.002959 -0.002067
v -0.060003 -0.002979 -0.000547
v -0.057666 -0.002833 0.000793
v -0.018371 -0.004054 0.012383
v -0.000096 -0.007247 0.016669
v 0.007908 -0.005271 0.017795
v 0.005941 -0.007854 0.017234
v 0.012428 -0.014405 0.013905
v 0.015703 -0.017428 0.009185
v 0.018219 -0.017179 0.006320
v 0.019343 -0.015666 0.006745
v 0.015647 -0.018775 0.006535
v 0.019751 -0.015782 0.005544
v 0.021847 -0.013405 0.004424
v 0.018300 -0.005428 -0.016480
v 0.019592 -0.005070 -0.015315
v 0.013770 -0.005480 -0.019375
v 0.023048 -0.005803 -0.009656
v 0.007397 -0.006981 -0.020506
v 0.000075 -0.005060 -0.021650
v -0.011717 -0.003983 -0.020601
v -0.029455 -0.006395 -0.017415
v -0.044023 -0.004768 -0.014294
v -0.055009 -0.007251 -0.007169
v -0.058792 -0.005729 -0.004984
v -0.045756 -0.005858 -0.013406
v -0.048834 -0.008303 -0.010422
v -0.046635 -0.007404 -0.012205
v -0.060204 -0.004650 -0.004230
v -0.059998 -0.004449 -0.002342
v -0.058794 -0.004274 -0.000634
v -0.040053 -0.005295 0.006014
v -0.041879 -0.002961 0.006184
v -0.040850 -0.006176 0.005316
v 0.011206 -0.012635 0.015314
v 0.005240 -0.009011 0.016852
v 0.013715 -0.017340 0.010584
v 0.011322 -0.015897 0.012626
v 0.014442 -0.018674 0.007975
v 0.021847 -0.013076 0.005504
v 0.018443 -0.017266 0.004998
v 0.014029 -0.019584 0.005878
v 0.020117 -0.015849 0.002904
v 0.021800 -0.013496 0.002584
v 0.020708 -0.006968 -0.012675
v 0.014872 -0.007205 -0.017921
v 0.013667 -0.008480 -0.017849
v 0.012024 -0.006866 -0.019390
v 0.008537 -0.006286 -0.020596
v 0.000196 -0.007126 -0.020836
v -0.003704 -0.005969 -0.020914
v 0.002452 -0.006383 -0.021056
v -0.028081 -0.008495 -0.016631
v -0.034115 -0.007170 -0.015952
v -0.049924 -0.008705 -0.009366
v -0.054878 -0.007628 -0.005652
v -0.052968 -0.008161 -0.007179
v -0.058904 -0.005645 -0.003936
v -0.047464 -0.008741 -0.010706
v -0.059007 -0.005366 -0.002950
v -0.057355 -0.005678 -0.001654
v -0.056352 -0.005673 -0.000716
v -0.056967 -0.004280 0.000190
v 0.000672 -0.008490 0.016469
v 0.009782 -0.012802 0.015324
v 0.009208 -0.010705 0.016374
v 0.006397 -0.012932 0.015176
v 0.013059 -0.018543 0.008945
v 0.015871 -0.019084 0.004380
v 0.020061 -0.015728 0.004445
v 0.012969 -0.019301 0.007270
v 0.013980 -0.019813 0.004424
v 0.011198 -0.020454 0.004306
v 0.019954 -0.015934 0.001610
v 0.022901 -0.011575 -0.000727
v 0.015912 -0.011565 -0.013870
v 0.019604 -0.008100 -0.013151
v 0.015162 -0.008941 -0.016587
v 0.011274 -0.010070 -0.017954
v 0.009265 -0.008519 -0.019425
v -0.046128 -0.010033 -0.009260
v -0.048702 -0.009375 -0.008634
v -0.055570 -0.007261 -0.004472
v -0.051463 -0.008835 -0.006580
v -0.043227 -0.007078 -0.013511
v -0.043549 -0.009960 -0.010619
v -0.054457 -0.007107 -0.002155
v -0.037553 -0.009886 0.003594
v -0.001285 -0.014697 0.012671
v -0.000075 -0.011585 0.015258
v 0.003357 -0.014371 0.013935
v 0.010676 -0.017131 0.011210
v 0.010170 -0.019060 0.008613
v 0.016341 -0.018885 0.002671
v 0.018948 -0.016982 0.002971
v 0.015234 -0.019436 0.002819
v 0.011865 -0.020464 0.002688
v 0.009792 -0.019719 0.007320
v 0.010576 -0.020062 0.005984
v 0.019598 -0.015844 0.000011
v 0.014769 -0.011301 -0.014950
v 0.022792 -0.008611 -0.007232
v 0.020665 -0.008168 -0.011785
v 0.010243 -0.013224 -0.015610
v 0.007347 -0.010129 -0.018610
v -0.000088 -0.009771 -0.019244
v -0.027331 -0.009941 -0.015704
v -0.042478 -0.011429 -0.007821
v -0.026037 -0.014355 -0.010551
v -0.026812 -0.014736 -0.009127
v -0.043532 -0.011406 -0.006895
v -0.051940 -0.008708 -0.005215
v -0.052201 -0.008391 -0.003795
v -0.027873 -0.011669 -0.013886
v -0.027465 -0.012938 -0.012336
v -0.042517 -0.011595 -0.003527
v -0.033791 -0.012794 0.000810
v -0.037876 -0.010464 0.002501
v -0.000460 -0.015609 0.012130
v 0.001385 -0.014090 0.013793
v 0.003385 -0.016004 0.012525
v 0.002859 -0.017118 0.011223
v 0.018759 -0.016981 0.001295
v 0.010667 -0.020630 0.002961
v 0.012324 -0.020201 -0.000129
v 0.014976 -0.012750 -0.013292
v 0.021750 -0.010054 -0.007856
v 0.011827 -0.013061 -0.015126
v 0.009708 -0.010435 -0.018082
v -0.000189 -0.011423 -0.018001
v -0.043212 -0.011569 -0.005715
v -0.035102 -0.012932 -0.000722
v -0.001824 -0.019450 0.005844
v -0.001467 -0.019034 0.007190
v -0.001516 -0.018626 0.007961
v -0.001531 -0.016069 0.011249
v 0.006331 -0.020116 0.006078
v 0.015948 -0.018736 -0.000731
v 0.014842 -0.019256 -0.000449
v 0.004092 -0.020676 0.000433
v 0.010751 -0.020424 -0.000142
v 0.018585 -0.015540 -0.003842
v 0.023349 -0.009371 -0.004300
v 0.021832 -0.010679 -0.006481
v 0.019236 -0.011515 -0.010587
v 0.014511 -0.015771 -0.009289
v 0.011165 -0.014355 -0.014012
v 0.019699 -0.011516 -0.009871
v 0.019696 -0.012304 -0.008487
v 0.009598 -0.014421 -0.014449
v 0.006989 -0.011319 -0.017791
v 0.000540 -0.012965 -0.016631
v -0.024735 -0.015676 -0.006610
v -0.030312 -0.014595 -0.003622
v -0.002644 -0.020160 0.002379
v 0.001823 -0.018824 0.008728
v 0.002649 -0.020249 0.005420
v 0.010976 -0.020125 -0.001971
v 0.003091 -0.020692 0.001456
v 0.018250 -0.012960 -0.009701
v 0.010809 -0.017167 -0.009932
v 0.010110 -0.016119 -0.011987
v 0.006461 -0.015891 -0.013010
v 0.004370 -0.015880 -0.013192
v 0.000816 -0.014206 -0.015291
v -0.013531 -0.012604 -0.015136
v -0.001484 -0.016795 -0.011152
v -0.019785 -0.013650 -0.012882
v 0.002927 -0.020503 0.003996
v 0.011652 -0.019492 -0.003946
v 0.015234 -0.016013 -0.007897
v 0.009457 -0.017279 -0.010437
v -0.002577 -0.016070 -0.012379
v 0.001218 -0.019105 -0.006060
v 0.001807 -0.019669 -0.004221
v -0.001513 -0.020053 0.000094
v 0.002408 -0.019554 0.007261
v 0.011653 -0.018984 -0.005362
v 0.014116 -0.016774 -0.007732
v 0.002515 -0.020545 -0.000069
v 0.007036 -0.020044 -0.003986
v 0.008761 -0.019659 -0.005042
v 0.005541 -0.016888 -0.011370
v 0.007056 -0.019519 -0.005760
v 0.009457 -0.018146 -0.008534
v 0.036447 0.002253 -0.000311
v 0.035166 0.003644 -0.000211
v 0.043733 -0.000498 0.000254
v 0.026213 0.000747 -0.000251
v 0.033960 0.005139 0.000326
v 0.026213 0.002354 -0.000095
v 0.047354 0.000660 0.000411
v 0.026213 -0.000667 0.000230
v 0.026213 -0.004729 0.004094
v 0.026213 -0.006032 0.006348
v 0.026213 -0.006316 0.009915
v 0.026212 -0.005939 0.011544
v 0.026213 -0.004454 0.013941
v 0.026214 -0.002642 0.015302
v 0.026214 0.000111 0.015871
v 0.026212 0.003018 0.015421
v 0.026212 0.005885 0.013221
v 0.026214 0.007315 0.011279
v 0.026213 0.007791 0.009572
v 0.026226 0.007839 0.007141
v 0.026213 0.007389 0.005590
v 0.026213 0.006249 0.002954
v 0.026213 0.005040 0.001641
v 0.049530 -0.003619 0.001100
v 0.049366 -0.005014 0.001514
v 0.034620 0.005873 0.000741
v 0.041231 0.005214 0.000864
v 0.044392 0.004539 0.000884
v 0.047938 0.002380 0.000670
v 0.032388 0.005813 0.000791
v 0.050525 -0.001404 0.000799
v 0.047569 -0.007020 0.002308
v 0.047817 -0.010355 0.005054
v 0.038455 0.007364 0.002081
v 0.031065 0.007284 0.002165
v 0.051056 -0.003564 0.001358
v 0.050428 -0.008646 0.003515
v 0.048105 -0.008841 0.003673
v 0.048416 -0.011692 0.006674
v 0.051695 -0.005764 0.002119
v 0.049941 -0.006680 0.002290
v 0.040391 0.008911 0.003916
v 0.047479 0.008586 0.004062
v 0.043707 0.006429 0.001891
v 0.046520 0.006149 0.002120
v 0.049895 0.005025 0.002057
v 0.049610 0.003591 0.001316
v 0.049237 0.001550 0.000777
v 0.051069 0.001674 0.001314
v 0.052208 -0.000692 0.001685
v 0.052212 -0.002927 0.001834
v 0.048633 -0.012714 0.008138
v 0.029897 -0.007300 0.006224
v 0.030642 -0.006804 0.005295
v 0.027633 0.007270 0.003692
v 0.031648 0.008892 0.004582
v 0.052102 0.001556 0.001904
v 0.052861 -0.000166 0.002218
v 0.052850 -0.002574 0.002241
v 0.052485 -0.005003 0.002560
v 0.052650 -0.006841 0.003793
v 0.051676 -0.008125 0.003721
v 0.050493 -0.010051 0.004956
v 0.050091 -0.011531 0.006571
v 0.049890 -0.012906 0.008534
v 0.041039 0.009981 0.005621
v 0.045588 0.010253 0.006196
v 0.049063 0.008835 0.004851
v 0.048706 0.007894 0.003701
v 0.050735 0.004484 0.002056
v 0.027413 0.008089 0.005870
v 0.030200 0.008799 0.004984
v 0.051705 0.003320 0.002155
v 0.052778 0.002135 0.002930
v 0.053926 0.001604 0.005185
v 0.053188 -0.003564 0.003041
v 0.052942 -0.005459 0.003346
v 0.051817 -0.009198 0.004879
v 0.051043 -0.011477 0.006938
v 0.047153 -0.012836 0.009213
v 0.051137 -0.013019 0.009424
v 0.030590 -0.008105 0.007523
v 0.047066 0.010936 0.007749
v 0.048219 0.010219 0.006496
v 0.050323 0.007153 0.003660
v 0.051607 0.005824 0.003576
v 0.031991 0.009444 0.005714
v 0.052826 0.004226 0.004004
v 0.053971 0.000014 0.004889
v 0.053860 -0.002152 0.004339
v 0.053554 -0.005565 0.004878
v 0.053926 -0.003407 0.004806
v 0.053012 -0.007606 0.005146
v 0.052777 -0.008604 0.005610
v 0.051810 -0.011735 0.007894
v 0.048679 -0.013766 0.011131
v 0.049933 -0.013896 0.011334
v 0.051637 -0.012954 0.009806
v 0.029608 -0.008067 0.008651
v 0.047208 0.011225 0.008705
v 0.035158 0.010226 0.007276
v 0.050523 0.010148 0.007981
v 0.050313 0.008589 0.005290
v 0.051659 0.007400 0.005080
v 0.026911 0.008278 0.008707
v 0.029894 0.009563 0.008701
v 0.029042 0.009070 0.007267
v 0.031077 0.009651 0.007142
v 0.052905 0.005548 0.005214
v 0.054248 -0.001620 0.006212
v 0.052869 -0.011574 0.010089
v 0.027543 -0.007227 0.009191
v 0.051088 -0.013810 0.012450
v 0.029213 -0.007909 0.010145
v 0.048860 -0.014460 0.016523
v 0.046160 0.011401 0.009264
v 0.049641 0.010790 0.008975
v 0.051437 0.009920 0.009225
v 0.051629 0.008636 0.006529
v 0.027036 0.008205 0.010135
v 0.030097 0.009561 0.009932
v 0.032054 0.010010 0.008925
v 0.033334 0.010170 0.008060
v 0.052891 0.007316 0.007471
v 0.053831 0.004623 0.007461
v 0.054421 0.001470 0.009369
v 0.053926 -0.006089 0.006904
v 0.053466 -0.008170 0.007264
v 0.049210 -0.014364 0.013806
v 0.052892 -0.011934 0.011424
v 0.051943 -0.013260 0.012401
v 0.047694 -0.013817 0.018135
v 0.028957 -0.007312 0.011965
v 0.027417 -0.007071 0.010215
v 0.045689 0.011554 0.010630
v 0.047859 0.011588 0.010841
v 0.049486 0.011578 0.012222
v 0.051154 0.010608 0.011212
v 0.051975 0.008950 0.007996
v 0.028508 0.008690 0.011339
v 0.053536 0.006528 0.009202
v 0.054309 -0.003341 0.007435
v 0.054526 0.000405 0.010419
v 0.053978 -0.007196 0.008721
v 0.050181 -0.014317 0.014455
v 0.053397 -0.010691 0.011881
v 0.052862 -0.012002 0.012720
v 0.050643 -0.014192 0.015459
v 0.049579 -0.014457 0.016678
v 0.048758 -0.013849 0.018769
v 0.047375 -0.012970 0.020421
v 0.051693 0.010188 0.010954
v 0.052721 0.008283 0.008829
v 0.027735 0.007151 0.013574
v 0.030477 0.009211 0.011737
v 0.034731 0.010103 0.011751
v 0.039585 0.010761 0.012317
v 0.053846 0.006069 0.011288
v 0.054315 0.002983 0.012615
v 0.053163 0.007836 0.010910
v 0.053856 -0.008800 0.012709
v 0.052007 -0.013165 0.014508
v 0.048204 -0.012936 0.020916
v 0.049981 -0.013891 0.018135
v 0.026561 -0.005582 0.012697
v 0.045541 -0.011616 0.021244
v 0.047216 0.011518 0.014087
v 0.048606 0.011548 0.013767
v 0.051056 0.010764 0.013020
v 0.052782 0.008718 0.012474
v 0.029769 0.008740 0.012442
v 0.046357 0.011080 0.016199
v 0.044893 0.010205 0.018605
v 0.054299 0.002154 0.014181
v 0.054273 -0.005957 0.010407
v 0.054404 -0.004171 0.013116
v 0.051580 -0.013141 0.016766
v 0.053439 -0.009897 0.014368
v 0.052824 -0.011581 0.015381
v 0.049331 -0.012887 0.020414
v 0.048206 -0.011847 0.022274
v 0.050552 -0.013056 0.019228
v 0.028827 -0.005587 0.014987
v 0.046552 -0.011379 0.022306
v 0.049931 0.011121 0.014774
v 0.050994 0.010490 0.015142
v 0.051722 0.010163 0.013599
v 0.027212 0.006163 0.014060
v 0.028583 0.004571 0.016670
v 0.035955 0.008785 0.016389
v 0.052801 0.008676 0.013824
v 0.053818 0.005936 0.012765
v 0.054013 0.004038 0.015081
v 0.053952 -0.007482 0.014188
v 0.053450 -0.007917 0.016564
v 0.052732 -0.009182 0.018190
v 0.051563 -0.012339 0.018124
v 0.049284 -0.011451 0.022339
v 0.047132 -0.010076 0.023834
v 0.049340 -0.009999 0.023859
v 0.050533 -0.010779 0.021896
v 0.027218 -0.004272 0.015116
v 0.046115 -0.009982 0.023620
v 0.048012 0.011134 0.016258
v 0.051581 0.009920 0.015236
v 0.026538 0.004214 0.015055
v 0.027418 0.002595 0.016748
v 0.029460 0.002996 0.018015
v 0.030302 0.004275 0.017961
v 0.036124 0.006041 0.019853
v 0.045384 0.008971 0.020927
v 0.046582 0.009990 0.019557
v 0.042688 0.007168 0.022234
v 0.053356 0.005998 0.016119
v 0.054235 -0.004207 0.014565
v 0.054006 0.001794 0.016179
v 0.052773 0.006936 0.017602
v 0.053657 -0.006575 0.016614
v 0.051608 -0.011215 0.019477
v 0.049328 -0.007157 0.025288
v 0.048712 -0.007844 0.025150
v 0.050467 -0.008592 0.023746
v 0.046291 -0.007260 0.025427
v 0.047561 -0.007290 0.025609
v 0.033292 -0.004212 0.019430
v 0.027998 -0.002842 0.016724
v 0.045182 -0.008877 0.023962
v 0.049617 0.010184 0.018333
v 0.050540 0.010151 0.017175
v 0.040287 0.002758 0.023850
v 0.040824 0.003895 0.023537
v 0.046483 0.008485 0.021960
v 0.053352 0.004821 0.017629
v 0.053486 -0.000302 0.018783
v 0.051690 0.008615 0.018128
v 0.051776 0.007164 0.020046
v 0.052885 0.006030 0.018395
v 0.052631 -0.007590 0.019708
v 0.053300 -0.002130 0.019509
v 0.051681 -0.009496 0.020934
v 0.050509 -0.004324 0.025320
v 0.048758 -0.005002 0.026065
v 0.051622 -0.007022 0.022640
v 0.050728 -0.007170 0.024084
v 0.029656 -0.002221 0.018091
v 0.042662 -0.006622 0.023910
v 0.048765 0.010025 0.019176
v 0.050763 0.008660 0.019609
v 0.049524 0.008525 0.021018
v 0.027355 0.000794 0.016925
v 0.029945 0.000750 0.018677
v 0.034004 0.000820 0.021009
v 0.037980 0.000476 0.023121
v 0.043617 0.002896 0.025266
v 0.041646 0.006020 0.022575
v 0.044973 0.005796 0.024028
v 0.047571 0.008695 0.021595
v 0.052878 0.003905 0.019495
v 0.052869 -0.000661 0.020811
v 0.050713 0.007493 0.021242
v 0.052702 -0.003072 0.021224
v 0.048750 -0.002712 0.026340
v 0.047619 -0.004349 0.026374
v 0.042388 -0.003014 0.025076
v 0.040822 -0.004465 0.023869
v 0.039606 -0.002936 0.023749
v 0.027183 -0.000922 0.016579
v 0.029910 -0.000714 0.018664
v 0.033184 -0.000927 0.020596
v 0.042492 -0.001370 0.025299
v 0.044250 -0.000251 0.025983
v 0.045345 -0.000032 0.026343
v 0.046205 0.001526 0.026165
v 0.045192 0.007273 0.022931
v 0.047536 0.007114 0.023250
v 0.049305 0.007356 0.022560
v 0.050443 0.006779 0.022254
v 0.051686 0.004289 0.022371
v 0.051688 -0.004449 0.023441
v 0.049937 -0.001357 0.025694
v 0.047055 -0.001451 0.026695
v 0.046263 -0.004089 0.026232
v 0.037605 -0.000646 0.022936
v 0.046263 0.003879 0.025260
v 0.046471 0.006444 0.023817
v 0.048996 0.005914 0.023746
v 0.051600 -0.001260 0.023679
v 0.050505 0.004293 0.023888
v 0.050878 0.001520 0.024342
v 0.051518 0.000994 0.023515
v 0.048758 -0.000692 0.026274
v 0.044733 -0.002107 0.026158
v 0.047602 0.001861 0.026035
v 0.047628 0.003749 0.025350
v 0.049461 0.002795 0.025186
v 0.050447 -0.000289 0.025226
v 0.049744 0.000745 0.025541
v 0.048754 0.001356 0.025882
v 0.048580 0.003213 0.025390
v 0.023353 -0.010884 0.002611
v 0.026213 -0.006327 0.009910
v 0.023353 -0.010350 0.005200
v 0.023354 -0.008445 0.007898
v 0.023353 -0.004055 0.011101
v 0.023353 -0.002360 0.011875
v 0.023353 0.000226 0.011962
v 0.023353 0.002215 0.011613
v 0.023353 0.004801 0.010132
v 0.023353 0.009794 0.003829
v 0.023353 0.011089 0.001562
v 0.023353 0.011859 -0.000450
v 0.023350 0.012470 -0.003219
v 0.023353 0.011820 -0.006853
v 0.023353 0.010892 -0.009278
v 0.023353 0.009686 -0.011018
v 0.023354 0.008104 -0.012144
v 0.023353 0.005990 -0.012960
v 0.023354 0.002634 -0.013321
v 0.023352 0.000060 -0.012826
v 0.023353 -0.005478 -0.009267
v 0.023354 -0.008784 -0.005432
v 0.023353 -0.010750 -0.000665
v 0.024082 -0.009335 -0.000982
v 0.026213 -0.006034 0.006354
v 0.026213 -0.004804 0.004159
v 0.026213 0.000520 -0.000536
v 0.026217 0.006738 0.003750
v 0.026214 0.007866 0.007935
v 0.026215 0.007450 0.010990
v 0.026212 0.005119 0.013929
v 0.026212 0.003229 0.015306
v 0.026214 0.001696 0.015699
v 0.026212 -0.000597 0.015814
v 0.026213 -0.002594 0.015325
v 0.026213 -0.004445 0.013947
v 0.026213 -0.005892 0.011641
v 0.024310 -0.008465 -0.002395
v 0.025025 -0.006028 -0.003399
v 0.024186 -0.007505 -0.004725
v 0.025263 -0.004620 -0.003889
v 0.025390 -0.003180 -0.004435
v 0.024175 -0.002720 -0.009430
v 0.023914 -0.005199 -0.008055
v 0.024090 -0.001020 -0.010668
v 0.024946 -0.000588 -0.008184
v 0.025679 0.001547 -0.005789
v 0.024147 0.000737 -0.011215
v 0.025361 0.001366 -0.007260
v 0.025429 0.003606 -0.007363
v 0.025653 0.004135 -0.006030
v 0.024055 0.004035 -0.012159
v 0.025394 -0.002099 0.014690
v 0.025263 0.005789 -0.007897
v 0.025191 -0.000672 0.014785
v 0.025388 0.001663 0.014670
v 0.024169 0.006865 -0.010993
v 0.024616 0.008374 -0.008223
v 0.024147 0.008567 -0.009929
v 0.024044 0.010047 -0.008325
v 0.025380 0.003724 0.013968
v 0.024103 0.010535 -0.006658
v 0.026207 0.005959 0.013148
vn -0.0004 0.9999 0.0109
vn 0.0239 0.9983 -0.0541
vn 0.0005 0.9973 0.0728
vn 0.0163 0.9997 -0.0190
vn 0.0141 0.9776 -0.2098
vn -0.0825 0.9917 -0.0987
vn 0.0076 0.9880 0.1541
vn 0.0881 0.9940 -0.0647
vn 0.0879 0.9940 -0.0647
vn 0.0876 0.9941 -0.0631
vn 0.0637 0.9920 -0.1092
vn 0.0872 0.9943 -0.0617
vn -0.0826 0.9881 -0.1301
vn -0.0320 0.9775 0.2084
vn 0.1802 0.9726 0.1471
vn 0.2167 0.9732 0.0769
vn 0.1699 0.9811 -0.0931
vn 0.1717 0.9807 -0.0934
vn 0.1739 0.9792 -0.1049
vn 0.0452 0.9452 -0.3235
vn -0.0036 0.9683 -0.2497
vn 0.1741 0.9790 -0.1065
vn 0.1531 0.9727 -0.1744
vn 0.0754 0.9849 -0.1557
vn 0.0831 0.9835 -0.1607
vn 0.0819 0.9837 -0.1599
vn -0.1222 0.9603 0.2506
vn 0.1816 0.9746 0.1308
vn 0.4359 0.8692 0.2333
vn 0.0991 0.9010 -0.4224
vn 0.0503 0.9387 -0.3411
vn 0.1639 0.9505 -0.2639
vn 0.0840 0.9833 -0.1612
vn -0.1336 0.9909 0.0146
vn -0.1336 0.9909 0.0143
vn -0.1337 0.9909 0.0151
vn -0.1351 0.9902 0.0341
vn -0.1465 0.9811 0.1263
vn -0.1508 0.9795 0.1333
vn -0.1494 0.9800 0.1316
vn -0.1059 0.9589 0.2633
vn 0.0336 0.9437 0.3292
vn 0.0946 0.9511 0.2941
vn 0.5454 0.8213 0.1675
vn 0.5117 0.8572 -0.0585
vn 0.4719 0.8649 -0.1711
vn 0.4619 0.8694 -0.1756
vn 0.4690 0.8662 -0.1724
vn 0.3326 0.9056 -0.2631
vn -0.0594 0.9426 -0.3286
vn 0.2026 0.9380 -0.2813
vn 0.2229 0.9418 -0.2517
vn -0.0804 0.9602 -0.2674
vn -0.0833 0.9577 -0.2753
vn -0.0815 0.9593 -0.2703
vn -0.1379 0.9855 -0.0994
vn -0.0604 0.9268 0.3707
vn 0.0080 0.9307 0.3658
vn 0.0603 0.9129 0.4038
vn 0.0975 0.9277 0.3603
vn 0.1730 0.9108 0.3748
vn 0.2469 0.9144 0.3207
vn 0.3899 0.8644 0.3173
vn 0.5223 0.8482 0.0884
vn 0.4838 0.8740 0.0459
vn 0.4830 0.8616 -0.1560
vn 0.4603 0.8701 -0.1764
vn -0.0674 0.8934 -0.4441
vn -0.0926 0.9100 -0.4040
vn 0.2379 0.9102 -0.3389
vn 0.1838 0.8958 -0.4046
vn -0.1472 0.9752 -0.1655
vn -0.1538 0.9603 -0.2326
vn -0.1562 0.9586 -0.2383
vn -0.1574 0.9576 -0.2413
vn -0.1883 0.8893 0.4167
vn -0.1583 0.7880 0.5949
vn 0.3399 0.7611 0.5524
vn 0.4736 0.7558 0.4522
vn 0.4984 0.7881 0.3611
vn 0.5004 0.7869 0.3611
vn 0.5006 0.7875 0.3595
vn 0.4891 0.7914 0.3667
vn 0.6938 0.6087 0.3848
vn 0.6045 0.7594 0.2405
vn 0.6349 0.7541 0.1681
vn 0.7379 0.6495 0.1833
vn 0.6558 0.7487 0.0971
vn 0.6551 0.7360 -0.1707
vn 0.2606 0.9019 -0.3446
vn 0.4497 0.8130 -0.3700
vn 0.0489 0.7345 -0.6768
vn 0.0483 0.7333 -0.6782
vn 0.0485 0.7331 -0.6784
vn 0.0594 0.8574 -0.5112
vn -0.0743 0.8283 -0.5554
vn -0.1008 0.8112 -0.5761
vn -0.0947 0.9274 -0.3619
vn 0.1902 0.8722 -0.4507
vn 0.2660 0.8570 -0.4413
vn -0.1660 0.9826 -0.0832
vn -0.1561 0.9828 -0.0985
vn -0.1737 0.8332 0.5251
vn -0.1738 0.8330 0.5252
vn -0.0904 0.7985 0.5952
vn 0.0727 0.8309 0.5516
vn 0.0844 0.8420 0.5328
vn 0.3329 0.6966 0.6356
vn 0.3541 0.7346 0.5788
vn 0.5088 0.7002 0.5009
vn 0.6526 0.5816 0.4856
vn 0.6523 0.5803 0.4876
vn 0.6526 0.5814 0.4860
vn 0.6829 0.5833 0.4398
vn 0.7380 0.5947 0.3189
vn 0.7399 0.5929 0.3178
vn 0.7401 0.5924 0.3182
vn 0.7619 0.6300 0.1502
vn 0.7202 0.6936 0.0151
vn 0.7057 0.7070 -0.0460
vn 0.7154 0.6894 -0.1139
vn 0.3132 0.8634 -0.3955
vn 0.6270 0.7334 -0.2625
vn 0.5650 0.7718 -0.2919
vn 0.5108 0.7848 -0.3509
vn 0.4916 0.7363 -0.4650
vn 0.4898 0.7318 -0.4739
vn 0.4910 0.7362 -0.4658
vn 0.4286 0.8146 -0.3908
vn 0.2032 0.7327 -0.6495
vn 0.1832 0.6840 -0.7061
vn -0.1658 0.9441 -0.2848
vn -0.1988 0.9567 -0.2124
vn -0.2209 0.9432 0.2481
vn -0.2422 0.8518 0.4645
vn -0.0988 0.6945 0.7127
vn 0.0969 0.7306 0.6759
vn 0.0963 0.7297 0.6770
vn 0.0934 0.7242 0.6833
vn 0.0878 0.7254 0.6827
vn 0.3239 0.6553 0.6824
vn 0.3485 0.6588 0.6667
vn 0.4295 0.6137 0.6625
vn 0.4620 0.6117 0.6422
vn 0.4565 0.6989 0.5505
vn 0.6522 0.5800 0.4882
vn 0.7092 0.4823 0.5142
vn 0.8049 0.4569 0.3788
vn 0.7950 0.5029 0.3392
vn 0.7747 0.6316 0.0308
vn 0.7685 0.6394 0.0220
vn 0.8446 0.5175 0.1373
vn 0.8501 0.4947 0.1806
vn 0.7319 0.6711 -0.1181
vn 0.7677 0.6214 -0.1567
vn 0.7288 0.6265 -0.2763
vn 0.6882 0.6567 -0.3083
vn 0.6872 0.6575 -0.3090
vn 0.6922 0.6533 -0.3066
vn 0.6931 0.6524 -0.3065
vn 0.5930 0.7065 -0.3863
vn 0.5717 0.7073 -0.4158
vn -0.0143 0.8136 -0.5812
vn -0.0204 0.6386 -0.7693
vn -0.1096 0.7041 -0.7016
vn 0.3547 0.7502 -0.5580
vn 0.3706 0.7438 -0.5563
vn -0.2098 0.8472 -0.4880
vn -0.2071 0.8427 -0.4970
vn -0.2080 0.8443 -0.4939
vn -0.2104 0.8482 -0.4860
vn -0.2328 0.8041 -0.5471
vn -0.2146 0.9704 -0.1111
vn -0.2191 0.9752 0.0317
vn -0.2194 0.9753 0.0250
vn -0.2193 0.9752 0.0305
vn -0.2235 0.9699 0.0969
vn -0.2689 0.9116 0.3110
vn -0.2504 0.8004 0.5446
vn -0.0410 0.7679 0.6393
vn 0.0041 0.7596 0.6504
vn 0.2053 0.6046 0.7696
vn 0.3018 0.6169 0.7269
vn 0.6806 0.4790 0.5544
vn 0.5905 0.4000 0.7010
vn 0.8510 0.5021 0.1542
vn 0.9170 0.3905 0.0818
vn 0.8248 0.5633 0.0492
vn 0.8591 0.4469 0.2495
vn 0.8368 0.4857 0.2526
vn 0.8454 0.5024 -0.1814
vn 0.4131 0.6819 -0.6037
vn 0.7478 0.5482 -0.3744
vn 0.5343 0.6804 -0.5016
vn 0.0219 0.5304 -0.8475
vn -0.0290 0.6497 -0.7597
vn 0.0191 0.6328 -0.7741
vn 0.1322 0.4719 -0.8717
vn 0.1680 0.6185 -0.7676
vn 0.1717 0.5936 -0.7863
vn -0.1012 0.5967 -0.7960
vn 0.3597 0.6375 -0.6813
vn -0.2173 0.6947 -0.6857
vn -0.2401 0.7612 -0.6024
vn -0.2670 0.7411 -0.6160
vn -0.2673 0.7405 -0.6166
vn -0.2673 0.7407 -0.6163
vn -0.2742 0.9049 -0.3256
vn -0.2193 0.9754 0.0229
vn -0.2622 0.9546 0.1413
vn -0.2438 0.7454 0.6205
vn -0.2669 0.9252 0.2698
vn -0.2588 0.8597 0.4405
vn -0.1729 0.5985 0.7822
vn -0.1834 0.6117 0.7696
vn -0.0939 0.6400 0.7626
vn -0.0493 0.7143 0.6981
vn 0.0195 0.7014 0.7125
vn 0.0738 0.6552 0.7519
vn 0.0574 0.6227 0.7804
vn 0.4421 0.5651 0.6965
vn 0.5736 0.3927 0.7189
vn 0.5344 0.3271 0.7793
vn 0.8292 0.5583 -0.0250
vn 0.8193 0.5706 -0.0567
vn 0.8186 0.5650 -0.1033
vn 0.8387 0.5440 -0.0259
vn 0.8451 0.5195 -0.1263
vn 0.8684 0.4847 -0.1046
vn 0.8070 0.5225 -0.2754
vn 0.5369 0.6636 -0.5210
vn 0.3970 0.5600 -0.7272
vn -0.0470 0.5127 -0.8573
vn -0.0459 0.5110 -0.8584
vn -0.0461 0.5116 -0.8580
vn -0.2129 0.6483 -0.7310
vn -0.2675 0.7402 -0.6169
vn -0.2953 0.7130 -0.6359
vn -0.2597 0.9631 -0.0715
vn -0.2530 0.9630 -0.0927
vn -0.2932 0.9480 -0.1238
vn -0.2884 0.9245 0.2494
vn -0.3086 0.8917 0.3310
vn -0.3389 0.8316 0.4400
vn -0.3360 0.8333 0.4389
vn -0.3356 0.8333 0.4392
vn -0.3194 0.7792 0.5392
vn -0.2675 0.6639 0.6984
vn -0.2457 0.7254 0.6430
vn -0.2455 0.7197 0.6494
vn -0.2456 0.7239 0.6447
vn -0.2532 0.6123 0.7490
vn -0.2454 0.7174 0.6520
vn -0.2121 0.6138 0.7604
vn -0.1645 0.5758 0.8009
vn -0.2068 0.5312 0.8216
vn -0.0404 0.6058 0.7946
vn -0.0385 0.6862 0.7264
vn 0.5151 0.2326 0.8250
vn 0.5138 0.1514 0.8444
vn 0.5133 0.1496 0.8450
vn 0.5122 0.1453 0.8465
vn 0.3659 0.3529 0.8611
vn 0.4254 0.2153 0.8790
vn 0.5761 0.5395 -0.6140
vn 0.4030 0.3314 -0.8531
vn 0.7873 0.4599 -0.4107
vn 0.7488 0.4807 -0.4562
vn 0.6653 0.3844 -0.6400
vn 0.6076 0.5302 -0.5914
vn -0.0437 0.5060 -0.8614
vn 0.2157 0.3552 -0.9096
vn 0.3077 0.4672 -0.8289
vn 0.3161 0.4389 -0.8411
vn 0.2809 0.3290 -0.9016
vn 0.2618 0.3267 -0.9081
vn 0.0855 0.3855 -0.9187
vn -0.1991 0.6079 -0.7686
vn -0.1950 0.6058 -0.7714
vn -0.2009 0.6089 -0.7674
vn -0.2289 0.5975 -0.7685
vn -0.3092 0.8218 -0.4786
vn -0.2950 0.6580 -0.6928
vn -0.3016 0.6137 -0.7296
vn -0.3086 0.7837 -0.5390
vn -0.2962 0.8856 -0.3577
vn -0.3048 0.9040 -0.2998
vn -0.3180 0.9184 -0.2355
vn -0.3117 0.9460 -0.0888
vn -0.2961 0.9453 0.1370
vn -0.3344 0.8331 0.4405
vn -0.3260 0.8810 0.3430
vn -0.2704 0.5781 0.7698
vn -0.2669 0.5566 0.7867
vn -0.2661 0.5559 0.7875
vn -0.2666 0.5563 0.7871
vn -0.2064 0.5486 0.8102
vn -0.0361 0.5888 0.8075
vn 0.1224 0.4929 0.8615
vn 0.1253 0.4912 0.8620
vn 0.1349 0.4854 0.8638
vn 0.4588 0.4999 0.7345
vn 0.4595 0.5001 0.7340
vn 0.4599 0.5000 0.7338
vn 0.5117 0.1439 0.8470
vn 0.5289 0.0693 0.8458
vn 0.4311 0.1935 0.8813
vn 0.3029 0.3055 0.9027
vn 0.3049 0.2864 0.9083
vn 0.8980 0.3562 -0.2583
vn 0.8552 0.3535 -0.3791
vn 0.8131 0.4034 -0.4196
vn 0.3966 0.2957 -0.8691
vn 0.6831 0.3058 -0.6632
vn 0.8188 0.2791 -0.5016
vn 0.6639 0.3662 -0.6520
vn 0.5857 0.3263 -0.7420
vn 0.2487 0.2612 -0.9327
vn 0.1366 0.3067 -0.9419
vn -0.0697 0.3945 -0.9163
vn -0.1668 0.5265 -0.8336
vn -0.1651 0.4687 -0.8678
vn -0.2115 0.5262 -0.8236
vn -0.2282 0.5779 -0.7836
vn -0.2823 0.6771 -0.6796
vn -0.3385 0.6037 -0.7218
vn -0.3411 0.5950 -0.7278
vn -0.3382 0.5964 -0.7280
vn -0.3409 0.6038 -0.7205
vn -0.2803 0.4569 -0.8442
vn -0.2802 0.4549 -0.8453
vn -0.2803 0.4555 -0.8450
vn -0.3021 0.5669 -0.7664
vn -0.3238 0.9459 0.0209
vn -0.3125 0.9485 -0.0510
vn -0.3803 0.8735 0.3040
vn -0.3373 0.6392 0.6912
vn -0.2802 0.5948 0.7534
vn -0.2658 0.5555 0.7879
vn -0.2356 0.4255 0.8738
vn -0.1300 0.4157 0.9002
vn -0.0195 0.5109 0.8594
vn -0.0234 0.4970 0.8674
vn -0.0178 0.4197 0.9075
vn 0.2929 0.4078 0.8648
vn 0.5472 0.0072 0.8370
vn 0.5653 -0.0284 0.8244
vn 0.4686 0.1538 0.8699
vn 0.2522 0.3452 0.9040
vn 0.1662 0.3448 0.9239
vn 0.3705 0.2795 -0.8858
vn 0.3451 0.2106 -0.9147
vn 0.3509 0.2483 -0.9029
vn 0.5833 0.2980 -0.7556
vn 0.7773 0.2649 -0.5706
vn 0.8804 0.2679 -0.3913
vn 0.8407 0.2628 -0.4735
vn 0.1845 0.2163 -0.9587
vn 0.1586 0.2519 -0.9547
vn 0.1230 0.2219 -0.9673
vn 0.0062 0.2685 -0.9633
vn -0.1038 0.3465 -0.9323
vn -0.1018 0.3508 -0.9309
vn -0.1024 0.3496 -0.9313
vn -0.1043 0.3454 -0.9326
vn -0.1704 0.3634 -0.9159
vn -0.1701 0.3620 -0.9165
vn -0.1711 0.3703 -0.9130
vn -0.1714 0.3738 -0.9115
vn -0.3075 0.5396 -0.7837
vn -0.3556 0.8780 -0.3206
vn -0.3446 0.9021 -0.2598
vn -0.3999 0.9080 -0.1250
vn -0.4037 0.9148 0.0075
vn -0.4327 0.8993 0.0637
vn -0.4386 0.8544 0.2785
vn -0.5267 0.6571 0.5392
vn -0.5536 0.7594 0.3419
vn -0.3320 0.6765 0.6574
vn -0.3297 0.5777 0.7467
vn -0.0653 0.5561 0.8285
vn -0.0588 0.4946 0.8671
vn -0.2067 0.3798 0.9017
vn -0.1998 0.3502 0.9151
vn -0.2001 0.3503 0.9150
vn -0.1979 0.3482 0.9163
vn 0.5035 -0.0668 0.8614
vn 0.5138 -0.0792 0.8543
vn 0.7109 -0.2859 0.6426
vn 0.5716 -0.0719 0.8174
vn 0.6017 -0.1502 0.7844
vn 0.2603 0.2529 0.9318
vn 0.3779 0.1035 0.9201
vn 0.3131 0.1243 0.9415
vn 0.5172 0.2711 -0.8118
vn 0.6894 0.1077 -0.7164
vn 0.8876 0.1577 -0.4328
vn 0.8421 0.0904 -0.5317
vn 0.0102 0.2537 -0.9672
vn 0.1231 0.1588 -0.9796
vn 0.1261 0.1591 -0.9792
vn 0.1240 0.1591 -0.9794
vn 0.0300 0.1849 -0.9823
vn 0.0120 0.2156 -0.9764
vn -0.0774 0.2668 -0.9607
vn -0.1660 0.3394 -0.9259
vn -0.1661 0.3396 -0.9258
vn -0.1659 0.3393 -0.9259
vn -0.1420 0.2173 -0.9657
vn -0.3234 0.3773 -0.8678
vn -0.3438 0.3409 -0.8750
vn -0.3960 0.3101 -0.8643
vn -0.4530 0.3517 -0.8192
vn -0.4661 0.4421 -0.7664
vn -0.4935 0.6725 -0.5515
vn -0.5217 0.7304 -0.4407
vn -0.6519 0.7082 -0.2709
vn -0.6337 0.7588 -0.1504
vn -0.6336 0.7690 0.0844
vn -0.6377 0.7664 0.0770
vn -0.6347 0.7683 0.0825
vn -0.4599 0.5004 0.7336
vn -0.5747 0.7504 0.3266
vn -0.3511 0.4716 0.8089
vn -0.3034 0.4727 0.8274
vn -0.2403 0.2795 0.9296
vn -0.2406 0.2813 0.9290
vn -0.2399 0.2759 0.9308
vn -0.1987 0.3494 0.9157
vn -0.1973 0.3473 0.9168
vn -0.2029 0.2418 0.9489
vn -0.1260 0.3729 0.9193
vn -0.0622 0.4296 0.9009
vn 0.6645 -0.2585 0.7012
vn 0.6647 -0.2580 0.7012
vn 0.6639 -0.2594 0.7014
vn 0.7278 -0.3087 0.6124
vn 0.5871 -0.2289 0.7765
vn 0.2479 0.0892 0.9647
vn 0.3614 -0.0049 0.9324
vn 0.3620 -0.0062 0.9322
vn 0.3583 -0.0005 0.9336
vn 0.3572 0.0007 0.9340
vn 0.0829 0.2711 0.9590
vn 0.1196 0.1468 0.9819
vn 0.1256 0.0931 0.9877
vn 0.5737 0.2032 -0.7934
vn 0.5735 0.2030 -0.7936
vn 0.1269 0.1589 -0.9791
vn -0.1200 0.2098 -0.9704
vn -0.1262 0.2256 -0.9660
vn -0.1424 0.3024 -0.9425
vn -0.1955 0.4017 -0.8947
vn -0.1887 0.4269 -0.8844
vn -0.2003 0.4304 -0.8802
vn -0.1984 0.4291 -0.8812
vn -0.2190 0.2927 -0.9308
vn -0.5117 0.0527 -0.8576
vn -0.4884 0.1391 -0.8615
vn -0.8826 0.3300 -0.3348
vn -0.8571 0.4227 -0.2945
vn -0.7337 0.6042 -0.3110
vn -0.7215 0.6299 -0.2876
vn -0.6381 0.7662 0.0756
vn -0.2995 0.3107 -0.9021
vn -0.7782 0.6254 0.0570
vn -0.7399 0.5846 0.3328
vn -0.6597 0.6456 0.3847
vn -0.7079 0.4456 0.5480
vn -0.3474 0.4376 0.8293
vn -0.2737 0.3202 0.9069
vn -0.2398 0.2743 0.9313
vn -0.1918 0.2991 0.9347
vn 0.0110 0.3202 0.9473
vn -0.0266 0.2659 0.9636
vn 0.4574 -0.2451 0.8548
vn 0.5139 -0.2083 0.8322
vn 0.3744 -0.0506 0.9259
vn 0.3366 -0.0948 0.9369
vn 0.3152 -0.1459 0.9377
vn 0.7009 -0.3560 0.6181
vn 0.6839 -0.3418 0.6445
vn 0.6832 -0.3427 0.6449
vn 0.6772 -0.3515 0.6464
vn 0.6762 -0.3531 0.6466
vn 0.7066 -0.3842 0.5942
vn 0.5747 -0.2353 0.7838
vn 0.2546 0.0303 0.9666
vn 0.0738 0.1848 0.9800
vn 0.5688 0.0996 -0.8164
vn 0.5683 0.1002 -0.8167
vn 0.5683 0.1001 -0.8167
vn 0.3960 0.0689 -0.9157
vn 0.3051 0.1294 -0.9435
vn 0.2281 0.1421 -0.9632
vn 0.8056 0.0149 -0.5923
vn 0.7755 -0.0212 -0.6310
vn 0.6461 0.0228 -0.7629
vn 0.6403 0.0456 -0.7668
vn 0.8676 0.0590 -0.4938
vn 0.1476 0.0756 -0.9862
vn 0.0673 0.0985 -0.9929
vn -0.0636 0.1197 -0.9908
vn -0.0636 0.1200 -0.9907
vn -0.0637 0.1202 -0.9907
vn -0.1060 0.0767 -0.9914
vn -0.1157 0.1901 -0.9749
vn -0.1913 0.0816 -0.9781
vn -0.1842 0.2470 -0.9514
vn -0.1856 0.2465 -0.9512
vn -0.1783 0.2494 -0.9519
vn -0.4677 -0.0257 -0.8835
vn -0.4658 -0.0408 -0.8839
vn -0.2956 0.2336 -0.9263
vn -0.3082 0.0300 -0.9508
vn -0.2696 0.0846 -0.9593
vn -0.3578 0.0363 -0.9331
vn -0.3169 0.0882 -0.9443
vn -0.4112 -0.1151 -0.9042
vn -0.4098 -0.1137 -0.9051
vn -0.4161 -0.1195 -0.9014
vn -0.8003 0.0447 -0.5979
vn -0.8951 0.4459 -0.0057
vn -0.8740 0.4851 -0.0270
vn -0.7853 0.6177 0.0415
vn -0.2671 0.1868 -0.9454
vn -0.6131 0.4296 0.6630
vn -0.5067 0.3515 0.7872
vn -0.7558 0.5584 0.3420
vn -0.3648 0.2120 0.9066
vn -0.3022 0.1254 0.9450
vn -0.2410 0.1980 0.9501
vn -0.2441 0.1120 0.9633
vn -0.2441 0.1029 0.9643
vn -0.2441 0.1082 0.9637
vn -0.1691 0.2538 0.9524
vn -0.1502 0.1287 0.9802
vn -0.0965 0.2780 0.9557
vn -0.0223 0.1822 0.9830
vn -0.0072 0.1478 0.9890
vn 0.4315 -0.2786 0.8580
vn 0.5508 -0.3170 0.7721
vn 0.5781 -0.5067 0.6396
vn 0.5776 -0.5090 0.6382
vn 0.5780 -0.5087 0.6381
vn 0.6267 -0.4721 0.6200
vn 0.6732 -0.4092 0.6159
vn 0.5190 -0.3482 0.7806
vn 0.7475 -0.4044 0.5269
vn 0.8224 -0.3663 0.4354
vn 0.8740 -0.2857 0.3930
vn 0.1283 -0.1262 0.9837
vn 0.1275 -0.1239 0.9841
vn 0.1268 -0.1159 0.9851
vn 0.0882 0.0410 0.9953
vn 0.6334 -0.0646 -0.7712
vn 0.6326 -0.0630 -0.7719
vn 0.6331 -0.0639 -0.7714
vn 0.5395 -0.0252 -0.8416
vn 0.2968 0.0103 -0.9549
vn 0.2705 -0.0074 -0.9627
vn 0.8447 0.0156 -0.5350
vn 0.7919 -0.1044 -0.6017
vn 0.7654 -0.0731 -0.6394
vn 0.2012 0.0553 -0.9780
vn 0.1160 0.0631 -0.9912
vn -0.0054 0.0319 -0.9995
vn -0.0640 0.1214 -0.9905
vn -0.1174 -0.0567 -0.9915
vn -0.1052 -0.1077 -0.9886
vn -0.1717 0.1105 -0.9789
vn -0.1377 0.1002 -0.9854
vn -0.1425 0.0172 -0.9896
vn -0.1879 -0.0803 -0.9789
vn -0.1285 0.1220 -0.9842
vn -0.5288 -0.0431 -0.8477
vn -0.2845 0.2075 -0.9359
vn -0.2542 -0.0780 -0.9640
vn -0.3117 -0.0399 -0.9494
vn -0.3427 -0.1445 -0.9283
vn -0.4174 -0.1197 -0.9008
vn -0.9867 0.0035 -0.1628
vn -0.9892 0.0177 -0.1458
vn -0.9756 0.1948 -0.1011
vn -0.9720 0.2248 -0.0685
vn -0.9700 0.2245 0.0930
vn -0.8810 0.4460 0.1578
vn -0.6677 0.3919 0.6329
vn -0.7176 0.2420 0.6531
vn -0.6956 0.1438 0.7039
vn -0.5234 0.1859 0.8316
vn -0.4969 0.3296 0.8028
vn -0.9709 0.1494 0.1870
vn -0.9624 0.0944 0.2548
vn -0.3050 0.1686 0.9373
vn -0.3022 0.0808 0.9498
vn -0.2495 0.0199 0.9682
vn -0.1825 -0.0051 0.9832
vn -0.2496 -0.0072 0.9683
vn -0.1758 0.0410 0.9836
vn -0.1549 0.0226 0.9877
vn 0.3765 -0.2935 0.8787
vn 0.2710 -0.1872 0.9442
vn 0.1278 -0.1143 0.9852
vn 0.2311 -0.1893 0.9543
vn 0.4985 -0.4904 0.7149
vn 0.5783 -0.5090 0.6376
vn 0.6914 -0.4947 0.5266
vn 0.7873 -0.4033 0.4664
vn 0.6323 -0.0626 -0.7722
vn 0.4343 -0.0126 -0.9007
vn 0.8771 -0.0691 -0.4753
vn 0.9036 -0.0798 -0.4208
vn 0.6579 -0.0995 -0.7465
vn 0.2030 0.0230 -0.9789
vn 0.1616 -0.0120 -0.9868
vn -0.0222 -0.0279 -0.9994
vn -0.1099 -0.1503 -0.9825
vn -0.1422 -0.0161 -0.9897
vn -0.1552 -0.1443 -0.9773
vn -0.1553 -0.1445 -0.9773
vn -0.1547 -0.1449 -0.9773
vn -0.1575 -0.1450 -0.9768
vn -0.2301 -0.0516 -0.9718
vn -0.2441 0.0943 -0.9652
vn -0.5403 -0.4169 -0.7309
vn -0.3955 -0.2684 -0.8784
vn -0.4176 -0.3833 -0.8238
vn -0.4367 -0.4262 -0.7922
vn -0.3562 -0.1741 -0.9180
vn -0.7954 -0.0736 -0.6017
vn -0.9217 -0.1611 -0.3529
vn -0.8365 -0.1814 -0.5170
vn -0.9947 -0.0575 0.0848
vn -0.9988 0.0257 0.0427
vn -0.9762 0.1450 0.1614
vn -0.7066 0.0336 0.7068
vn -0.7448 -0.0263 0.6668
vn -0.4790 0.0052 0.8778
vn -0.9752 -0.0563 0.2141
vn -0.9655 -0.0142 0.2600
vn -0.3642 0.0320 0.9308
vn -0.0233 0.0422 0.9988
vn 0.3005 -0.3609 0.8829
vn 0.3409 -0.3436 0.8751
vn 0.1923 -0.2831 0.9396
vn 0.4001 -0.5552 0.7291
vn 0.5291 -0.5834 0.6162
vn 0.6239 -0.5571 0.5481
vn 0.6798 -0.4986 0.5378
vn 0.7938 -0.4780 0.3759
vn 0.8620 -0.4290 0.2701
vn 0.9058 -0.3499 0.2391
vn 0.8488 -0.4455 0.2849
vn 0.0010 -0.1209 0.9927
vn 0.0010 -0.1216 0.9926
vn 0.0008 -0.1216 0.9926
vn 0.0967 -0.0658 0.9931
vn 0.6693 -0.1604 -0.7255
vn 0.6640 -0.2129 -0.7168
vn 0.6327 -0.2521 -0.7323
vn 0.4237 -0.0619 -0.9037
vn 0.4240 -0.0456 -0.9045
vn 0.3606 -0.1382 -0.9224
vn 0.2929 -0.1224 -0.9483
vn 0.2346 -0.1226 -0.9643
vn 0.2172 -0.0917 -0.9718
vn 0.8651 -0.2583 -0.4300
vn 0.7849 -0.1539 -0.6002
vn 0.2091 -0.2225 -0.9522
vn 0.1435 -0.0840 -0.9861
vn -0.0327 -0.0438 -0.9985
vn -0.0524 -0.0934 -0.9942
vn -0.1398 -0.1967 -0.9704
vn -0.1679 -0.1552 -0.9735
vn -0.2034 -0.1420 -0.9687
vn -0.2418 -0.0306 -0.9698
vn -0.5570 -0.5082 -0.6569
vn -0.7023 -0.3393 -0.6258
vn -0.2539 -0.1213 -0.9596
vn -0.9788 -0.1957 -0.0598
vn -0.9804 -0.1969 0.0059
vn -0.9667 -0.2506 0.0515
vn -0.9702 -0.1072 0.2174
vn -0.7434 -0.1371 0.6546
vn -0.7749 -0.2698 0.5716
vn -0.4559 -0.0237 0.8897
vn -0.4825 -0.1675 0.8597
vn -0.3331 -0.1292 0.9340
vn -0.2830 -0.1532 0.9468
vn -0.2586 -0.1446 0.9551
vn -0.2512 -0.0609 0.9660
vn -0.1559 -0.0700 0.9853
vn -0.1315 -0.0716 0.9887
vn 0.2022 -0.3023 0.9315
vn 0.0003 -0.1630 0.9866
vn -0.0243 -0.2803 0.9596
vn 0.2229 -0.5369 0.8136
vn 0.3837 -0.5976 0.7040
vn 0.2238 -0.6365 0.7381
vn 0.4017 -0.6278 0.6667
vn 0.4745 -0.6801 0.5589
vn 0.5551 -0.6157 0.5593
vn 0.6246 -0.5781 0.5250
vn 0.7018 -0.5766 0.4184
vn 0.3775 -0.8286 0.4134
vn 0.7534 -0.5791 0.3115
vn 0.8519 -0.5011 0.1521
vn -0.0012 -0.1234 0.9924
vn 0.6206 -0.3171 -0.7171
vn 0.4852 -0.2496 -0.8381
vn 0.4918 -0.3251 -0.8077
vn 0.3340 -0.2069 -0.9196
vn 0.2973 -0.2237 -0.9282
vn 0.2692 -0.1351 -0.9536
vn 0.8252 -0.3014 -0.4778
vn 0.1395 -0.3478 -0.9271
vn 0.0751 -0.1923 -0.9785
vn -0.0269 -0.2017 -0.9791
vn -0.1086 -0.2524 -0.9615
vn -0.1151 -0.1862 -0.9757
vn -0.2398 -0.2089 -0.9481
vn -0.2438 -0.1947 -0.9501
vn -0.4338 -0.5380 -0.7227
vn -0.5545 -0.7744 -0.3046
vn -0.5894 -0.5347 -0.6056
vn -0.8346 -0.2877 -0.4698
vn -0.8108 -0.2757 -0.5163
vn -0.3913 -0.3770 -0.8395
vn -0.3391 -0.3524 -0.8723
vn -0.3619 -0.4962 -0.7892
vn -0.3661 -0.5673 -0.7377
vn -0.2587 -0.2210 -0.9403
vn -0.2651 -0.3193 -0.9098
vn -0.8210 -0.5454 -0.1688
vn -0.8206 -0.5465 -0.1674
vn -0.8208 -0.5484 -0.1599
vn -0.6543 -0.5861 0.4779
vn -0.6173 -0.6095 0.4974
vn -0.3152 -0.2430 0.9174
vn -0.3160 -0.4906 0.8121
vn -0.3114 -0.4010 0.8615
vn -0.2584 -0.2140 0.9420
vn -0.1116 -0.1108 0.9876
vn 0.1495 -0.4739 0.8678
vn 0.1850 -0.4884 0.8528
vn -0.0238 -0.1950 0.9805
vn -0.0302 -0.2962 0.9547
vn -0.0380 -0.3528 0.9349
vn 0.1964 -0.5240 0.8287
vn 0.1195 -0.6956 0.7085
vn 0.3741 -0.6889 0.6209
vn 0.3880 -0.7036 0.5954
vn 0.3169 -0.8058 0.5003
vn 0.5260 -0.8146 0.2444
vn 0.7088 -0.6857 0.1657
vn 0.7088 -0.6857 0.1655
vn 0.7087 -0.6858 0.1656
vn 0.7211 -0.6222 0.3047
vn 0.6982 -0.6198 0.3581
vn 0.4164 -0.8139 0.4051
vn 0.3142 -0.8920 0.3250
vn 0.7907 -0.6074 0.0765
vn 0.8573 -0.5147 0.0036
vn 0.8721 -0.4866 0.0504
vn 0.9102 -0.4064 0.0794
vn 0.8023 -0.3398 -0.4908
vn 0.7374 -0.3608 -0.5710
vn 0.6784 -0.3544 -0.6436
vn 0.4989 -0.3496 -0.7930
vn 0.4021 -0.4261 -0.8104
vn 0.2600 -0.3176 -0.9119
vn 0.2620 -0.3156 -0.9120
vn 0.2601 -0.3168 -0.9121
vn 0.2628 -0.3158 -0.9117
vn 0.2335 -0.2830 -0.9303
vn 0.0645 -0.2473 -0.9668
vn -0.0913 -0.3695 -0.9247
vn 0.0295 -0.3648 -0.9306
vn -0.1118 -0.3021 -0.9467
vn -0.1176 -0.3274 -0.9375
vn -0.1974 -0.4538 -0.8690
vn -0.2315 -0.2914 -0.9282
vn -0.4011 -0.6244 -0.6702
vn -0.4011 -0.6382 -0.6571
vn -0.4176 -0.7946 -0.4407
vn -0.4539 -0.8732 -0.1775
vn -0.4889 -0.8301 -0.2680
vn -0.4007 -0.8967 -0.1879
vn -0.6076 -0.7943 -0.0015
vn -0.6550 -0.7353 -0.1739
vn -0.3865 -0.8639 -0.3230
vn -0.8164 -0.5543 -0.1619
vn -0.3323 -0.4535 -0.8270
vn -0.3422 -0.5989 -0.7240
vn -0.6221 -0.7685 0.1498
vn -0.6204 -0.7692 0.1533
vn -0.6202 -0.7694 0.1531
vn -0.7733 -0.6160 0.1504
vn -0.6193 -0.7701 0.1534
vn -0.3576 -0.5006 0.7883
vn -0.4233 -0.4482 0.7873
vn -0.4706 -0.7806 0.4115
vn -0.4707 -0.7805 0.4115
vn -0.4702 -0.7808 0.4115
vn -0.1056 -0.1340 0.9853
vn 0.0051 -0.4465 0.8948
vn 0.0621 -0.4716 0.8796
vn 0.1160 -0.7422 0.6601
vn 0.0776 -0.7693 0.6341
vn 0.2703 -0.8246 0.4969
vn 0.5298 -0.8300 0.1744
vn 0.5471 -0.8240 0.1475
vn 0.7087 -0.6857 0.1661
vn 0.3845 -0.9073 0.1704
vn 0.2194 -0.9101 0.3516
vn 0.3591 -0.9237 0.1333
vn 0.2164 -0.9655 0.1446
vn 0.8076 -0.5864 -0.0632
vn 0.8084 -0.5845 -0.0693
vn 0.8078 -0.5858 -0.0650
vn 0.6667 -0.4314 -0.6077
vn 0.5148 -0.3630 -0.7767
vn 0.4707 -0.4863 -0.7362
vn 0.4146 -0.5775 -0.7033
vn 0.3518 -0.4343 -0.8292
vn 0.2432 -0.3873 -0.8893
vn 0.1802 -0.4103 -0.8940
vn -0.1118 -0.4365 -0.8927
vn -0.1115 -0.4353 -0.8933
vn -0.1117 -0.4362 -0.8929
vn 0.0499 -0.4201 -0.9061
vn -0.3526 -0.6935 -0.6283
vn -0.3057 -0.8993 -0.3128
vn -0.3437 -0.9042 -0.2536
vn -0.4324 -0.9013 0.0256
vn -0.4324 -0.9013 0.0258
vn -0.4327 -0.9012 0.0258
vn -0.2707 -0.4899 -0.8287
vn -0.4707 -0.7805 0.4114
vn -0.3266 -0.6126 0.7197
vn -0.2966 -0.8437 0.4474
vn -0.2963 -0.8423 0.4502
vn -0.2964 -0.8428 0.4492
vn -0.2967 -0.8442 0.4465
vn -0.2981 -0.8049 0.5131
vn -0.3045 -0.6104 0.7313
vn -0.3044 -0.6102 0.7314
vn -0.3045 -0.6103 0.7313
vn -0.3044 -0.6102 0.7315
vn -0.2659 -0.5528 0.7897
vn -0.2674 -0.4381 0.8583
vn -0.2591 -0.3060 0.9161
vn -0.2592 -0.2971 0.9190
vn -0.2591 -0.3070 0.9158
vn -0.2592 -0.3079 0.9154
vn -0.1131 -0.2263 0.9675
vn 0.0654 -0.8072 0.5866
vn 0.0813 -0.8188 0.5683
vn -0.0089 -0.6421 0.7666
vn 0.0090 -0.6545 0.7560
vn 0.0069 -0.6550 0.7556
vn -0.0017 -0.6537 0.7567
vn 0.1925 -0.8975 0.3967
vn 0.7007 -0.7088 0.0810
vn 0.6965 -0.7138 0.0736
vn 0.6968 -0.7134 0.0746
vn 0.7011 -0.7085 0.0810
vn 0.4471 -0.8943 0.0189
vn 0.3598 -0.9309 0.0626
vn 0.2916 -0.9565 0.0036
vn 0.1290 -0.9482 0.2904
vn 0.1399 -0.9359 0.3232
vn 0.1403 -0.9514 0.2739
vn 0.6945 -0.7183 -0.0406
vn 0.7572 -0.6209 -0.2031
vn 0.8085 -0.5843 -0.0702
vn 0.8809 -0.4726 -0.0264
vn 0.5046 -0.5473 -0.6677
vn 0.6870 -0.4205 -0.5926
vn 0.8660 -0.3695 -0.3369
vn 0.7966 -0.3785 -0.4713
vn 0.6974 -0.4431 -0.5633
vn 0.2852 -0.6300 -0.7223
vn 0.3958 -0.5912 -0.7028
vn 0.3351 -0.4496 -0.8280
vn 0.2782 -0.4468 -0.8503
vn 0.0703 -0.5156 -0.8540
vn -0.1030 -0.5049 -0.8570
vn -0.1118 -0.4348 -0.8935
vn -0.2147 -0.6037 -0.7678
vn -0.2159 -0.5823 -0.7838
vn -0.2389 -0.4203 -0.8754
vn -0.2766 -0.8297 -0.4848
vn -0.2184 -0.9067 -0.3607
vn -0.3547 -0.9315 0.0807
vn -0.3406 -0.9291 0.1443
vn -0.3411 -0.9395 -0.0317
vn -0.2176 -0.6484 -0.7295
vn -0.2142 -0.7342 -0.6443
vn -0.2089 -0.8401 -0.5006
vn -0.2153 -0.8645 -0.4541
vn -0.3855 -0.8794 0.2795
vn -0.3542 -0.8526 0.3841
vn -0.2948 -0.8904 0.3469
vn -0.2639 -0.6576 0.7056
vn -0.1170 -0.3373 0.9341
vn 0.1120 -0.8982 0.4250
vn 0.1254 -0.9062 0.4038
vn -0.0019 -0.6568 0.7541
vn -0.0009 -0.6537 0.7568
vn 0.0014 -0.7587 0.6514
vn 0.0004 -0.7558 0.6548
vn -0.0001 -0.7543 0.6566
vn 0.5932 -0.8022 -0.0675
vn 0.6690 -0.7394 -0.0761
vn 0.2196 -0.9708 0.0968
vn 0.1526 -0.9859 0.0690
vn 0.2931 -0.9552 -0.0416
vn 0.6782 -0.4865 -0.5507
vn 0.8757 -0.3608 -0.3209
vn 0.7342 -0.4838 -0.4764
vn 0.4309 -0.6586 -0.6169
vn 0.2078 -0.6263 -0.7514
vn 0.1920 -0.5330 -0.8241
vn 0.0320 -0.6022 -0.7977
vn -0.1000 -0.5943 -0.7980
vn -0.1020 -0.5740 -0.8125
vn -0.2518 -0.9309 -0.2646
vn -0.3098 -0.9497 -0.0462
vn -0.3142 -0.9373 0.1510
vn -0.3506 -0.9082 0.2286
vn -0.2076 -0.7830 -0.5863
vn -0.2856 -0.9014 0.3254
vn -0.2384 -0.9276 0.2875
vn -0.2431 -0.9067 0.3448
vn -0.2531 -0.8619 0.4393
vn -0.2606 -0.8231 0.5046
vn -0.2606 -0.8203 0.5091
vn -0.2605 -0.8224 0.5058
vn -0.2606 -0.8198 0.5099
vn -0.2570 -0.7634 0.5927
vn -0.2620 -0.6871 0.6777
vn -0.1807 -0.6180 0.7651
vn -0.1387 -0.5587 0.8177
vn -0.0982 -0.5229 0.8467
vn -0.1461 -0.6453 0.7498
vn -0.1477 -0.6467 0.7483
vn -0.1439 -0.6485 0.7475
vn 0.0179 -0.9656 0.2594
vn 0.4336 -0.8966 -0.0896
vn 0.5787 -0.8090 -0.1027
vn 0.4027 -0.9100 -0.0984
vn 0.3396 -0.9360 -0.0923
vn 0.1228 -0.9905 -0.0623
vn 0.1407 -0.9876 -0.0694
vn 0.0174 -0.9724 0.2328
vn 0.6438 -0.7308 -0.2268
vn 0.8058 -0.5438 -0.2344
vn 0.5264 -0.6705 -0.5228
vn 0.5260 -0.6717 -0.5216
vn 0.5252 -0.6745 -0.5189
vn 0.4305 -0.6468 -0.6295
vn 0.6215 -0.6712 -0.4040
vn 0.8322 -0.4844 -0.2698
vn 0.7415 -0.5841 -0.3302
vn 0.2725 -0.7040 -0.6558
vn 0.2101 -0.7366 -0.6429
vn 0.1285 -0.6440 -0.7542
vn 0.1039 -0.5848 -0.8045
vn 0.1133 -0.5522 -0.8260
vn -0.2192 -0.9490 -0.2268
vn -0.2153 -0.9597 -0.1807
vn -0.2163 -0.9735 -0.0748
vn -0.2331 -0.9403 0.2478
vn -0.1792 -0.7656 0.6179
vn -0.1442 -0.7225 0.6761
vn -0.0005 -0.8028 0.5962
vn -0.0154 -0.8223 0.5688
vn 0.6291 -0.7426 -0.2296
vn 0.0322 -0.9973 -0.0654
vn 0.1403 -0.9797 -0.1432
vn 0.0012 -0.9818 0.1901
vn 0.7485 -0.6199 -0.2356
vn 0.6138 -0.7091 -0.3471
vn 0.7399 -0.6268 -0.2442
vn 0.5249 -0.6753 -0.5181
vn 0.4069 -0.7066 -0.5789
vn 0.4133 -0.7493 -0.5174
vn 0.3309 -0.7902 -0.5158
vn 0.3803 -0.7767 -0.5022
vn 0.6290 -0.6764 -0.3831
vn 0.8375 -0.4689 -0.2806
vn 0.8265 -0.4866 -0.2831
vn 0.0533 -0.7543 -0.6543
vn 0.0459 -0.7413 -0.6696
vn 0.0478 -0.7279 -0.6841
vn 0.0549 -0.7102 -0.7019
vn 0.0550 -0.7101 -0.7020
vn 0.0549 -0.7101 -0.7019
vn 0.0550 -0.7100 -0.7021
vn -0.0898 -0.7398 -0.6668
vn -0.0989 -0.6693 -0.7363
vn -0.1071 -0.7045 -0.7016
vn -0.1028 -0.8416 -0.5303
vn -0.2379 -0.9692 0.0636
vn -0.2334 -0.9583 0.1646
vn -0.2296 -0.9583 0.1701
vn -0.2309 -0.9583 0.1686
vn -0.1816 -0.7753 0.6049
vn -0.1838 -0.7761 0.6032
vn -0.1815 -0.7750 0.6054
vn -0.0188 -0.8886 0.4584
vn -0.0236 -0.8987 0.4380
vn -0.0237 -0.9363 0.3503
vn -0.0389 -0.9150 0.4016
vn 0.4908 -0.7971 -0.3518
vn 0.3547 -0.8973 -0.2629
vn 0.2453 -0.9445 -0.2185
vn 0.0586 -0.9863 -0.1542
vn -0.0065 -0.9972 0.0747
vn 0.5216 -0.7527 -0.4016
vn 0.2575 -0.8224 -0.5074
vn 0.1955 -0.7879 -0.5840
vn -0.0934 -0.7801 -0.6186
vn -0.0927 -0.7862 -0.6110
vn -0.0928 -0.7852 -0.6122
vn -0.1009 -0.9251 -0.3661
vn -0.1127 -0.9430 -0.3130
vn -0.1215 -0.9591 -0.2556
vn -0.1211 -0.9587 -0.2575
vn -0.1210 -0.9585 -0.2581
vn -0.1297 -0.9739 -0.1864
vn -0.1286 -0.9739 -0.1869
vn -0.1269 -0.9745 -0.1850
vn -0.1501 -0.9813 -0.1205
vn -0.1952 -0.9807 -0.0095
vn -0.0812 -0.9943 0.0691
vn -0.1361 -0.9356 0.3257
vn -0.1351 -0.9351 0.3276
vn -0.1325 -0.9336 0.3328
vn -0.1314 -0.9330 0.3350
vn -0.1291 -0.9073 0.4002
vn -0.1560 -0.8774 0.4537
vn 0.3861 -0.8682 -0.3116
vn -0.0302 -0.9865 -0.1612
vn -0.0590 -0.9955 -0.0737
vn 0.0879 -0.9735 -0.2112
vn 0.4796 -0.7881 -0.3859
vn 0.3831 -0.8178 -0.4295
vn 0.1077 -0.8172 -0.5662
vn 0.0401 -0.8590 -0.5105
vn 0.0322 -0.8659 -0.4992
vn -0.0450 -0.8168 -0.5751
vn -0.0447 -0.9184 -0.3931
vn -0.1250 -0.9862 -0.1082
vn -0.1013 -0.9932 -0.0572
vn -0.1053 -0.9824 0.1545
vn 0.1793 -0.9259 -0.3325
vn 0.1513 -0.9553 -0.2541
vn 0.0405 -0.9582 -0.2832
vn 0.3669 -0.8393 -0.4013
vn 0.2239 -0.8869 -0.4041
vn 0.2306 -0.8892 -0.3952
vn 0.2252 -0.8872 -0.4028
vn -0.0330 -0.8733 -0.4861
vn 0.0851 -0.9203 -0.3818
vn 0.1737 -0.9158 -0.3621
vn -0.0557 -0.9591 -0.2776
vn -0.0536 -0.9578 -0.2826
vn -0.0533 -0.9574 -0.2840
vn 0.2332 -0.8881 -0.3960
vn 0.0411 -0.9092 -0.4143
vn 0.0114 -0.9041 -0.4271
vn 0.0037 0.9962 0.0872
vn 0.7884 0.6141 -0.0352
vn -0.0910 0.9946 -0.0493
vn 0.1010 0.9649 0.2423
vn 0.0975 0.6802 0.7265
vn -0.0744 0.9799 -0.1850
vn -0.1193 0.9836 0.1350
vn -0.1277 0.9706 0.2040
vn 0.1068 0.9568 0.2704
vn 0.2846 0.9576 0.0444
vn -0.0772 0.9702 -0.2296
vn -0.0753 0.9712 -0.2260
vn -0.0743 0.9717 -0.2244
vn -0.1754 0.9604 0.2163
vn -0.1537 0.9344 0.3215
vn -0.1532 0.9342 0.3223
vn -0.1585 0.9353 0.3164
vn -0.0780 0.9699 -0.2309
vn -0.1336 0.9909 0.0141
vn -0.0859 0.8671 0.4906
vn -0.0859 0.8672 0.4904
vn -0.0841 0.8633 0.4977
vn -0.1607 0.9040 0.3961
vn -0.1575 0.8687 0.4697
vn -0.1506 0.9795 0.1338
vn 0.6042 0.7725 0.1951
vn -0.0844 0.9567 -0.2786
vn -0.1463 0.9704 -0.1922
vn -0.1403 0.9890 -0.0461
vn -0.0865 0.8682 0.4886
vn -0.1757 0.7425 0.6464
vn 0.2394 0.8152 0.5273
vn 0.7375 0.5953 0.3190
vn 0.1073 0.8754 -0.4714
vn -0.0632 0.8874 -0.4567
vn -0.1550 0.9356 -0.3171
vn -0.1537 0.9378 -0.3114
vn -0.1530 0.9390 -0.3081
vn -0.1501 0.9558 -0.2527
vn 0.7392 -0.5465 0.3935
vn -0.2332 0.8089 0.5397
vn -0.2120 0.8962 0.3898
vn -0.2257 0.8586 0.4602
vn -0.1734 0.8334 0.5248
vn -0.2000 0.8044 0.5594
vn -0.2009 0.8039 0.5598
vn -0.1875 0.8072 0.5597
vn -0.2016 0.8042 0.5591
vn -0.1761 0.7162 0.6752
vn -0.1818 0.9832 0.0184
vn -0.1825 0.9830 0.0206
vn -0.1846 0.9825 0.0257
vn -0.1857 0.9822 0.0277
vn -0.1945 0.9645 0.1786
vn -0.2077 0.9521 0.2244
vn -0.2065 0.9235 0.3234
vn 0.7678 0.5487 0.3307
vn 0.7670 0.5500 0.3305
vn 0.7670 0.5505 0.3296
vn 0.7678 0.5501 0.3285
vn 0.1385 0.8621 -0.4875
vn -0.0201 0.8401 -0.5421
vn -0.0204 0.8280 -0.5604
vn -0.1490 0.8912 -0.4285
vn -0.1556 0.9346 -0.3198
vn -0.1524 0.9613 -0.2293
vn -0.0181 0.7798 0.6258
vn -0.0254 0.7811 0.6239
vn -0.0263 0.7814 0.6234
vn 0.5913 0.5751 0.5654
vn -0.1918 0.6502 0.7352
vn -0.1916 0.6518 0.7338
vn -0.1917 0.6510 0.7344
vn -0.0037 0.0643 0.9979
vn 0.0377 0.7326 -0.6796
vn -0.1091 0.7858 -0.6087
vn -0.1554 0.8638 -0.4792
vn -0.2094 0.9751 -0.0726
vn -0.2208 0.7319 0.6447
vn -0.2421 0.7902 0.5630
vn -0.2201 0.9558 0.1948
vn -0.2794 0.8559 0.4351
vn -0.2655 0.8058 0.5293
vn 1.0000 -0.0000 -0.0001
vn 1.0000 -0.0000 -0.0000
vn 1.0000 -0.0000 0.0001
vn 1.0000 0.0001 -0.0003
vn 1.0000 0.0001 -0.0005
vn 1.0000 -0.0002 -0.0000
vn 1.0000 -0.0000 -0.0004
vn 1.0000 -0.0017 0.0009
vn 1.0000 0.0001 -0.0001
vn 1.0000 0.0002 -0.0000
vn 1.0000 0.0001 -0.0000
vn 1.0000 0.0018 0.0006
vn 1.0000 -0.0014 -0.0009
vn 1.0000 -0.0004 -0.0003
vn 1.0000 0.0009 0.0006
vn 1.0000 -0.0004 -0.0005
vn 1.0000 -0.0001 -0.0003
vn 0.8576 0.4043 0.3180
vn 0.7878 0.5378 -0.3004
vn 0.7160 0.5309 -0.4533
vn 0.6407 0.5446 -0.5412
vn 0.4902 0.7313 -0.4743
vn 0.0371 0.6692 -0.7421
vn 0.1954 0.6971 -0.6898
vn 0.0856 0.4351 -0.8963
vn -0.0974 0.6347 -0.7666
vn -0.1488 0.7887 -0.5965
vn -0.1695 0.8106 -0.5605
vn -0.1688 0.8317 -0.5290
vn -0.2588 0.9396 0.2238
vn -0.2253 0.5510 0.8035
vn -0.2254 0.5460 0.8069
vn -0.2255 0.5438 0.8083
vn -0.1923 0.6437 0.7407
vn -0.1194 0.5601 0.8198
vn -0.1911 0.5184 0.8335
vn 0.4601 0.5437 0.7019
vn 0.0482 -0.5167 -0.8548
vn 0.0490 -0.5183 -0.8538
vn 0.0481 -0.5160 -0.8552
vn 0.7793 0.5320 -0.3311
vn 0.5322 0.6489 -0.5438
vn -0.1940 0.7304 -0.6548
vn -0.1959 0.7311 -0.6535
vn -0.2000 0.7336 -0.6494
vn -0.2066 0.9273 -0.3123
vn -0.2012 0.7349 -0.6477
vn -0.2124 0.9343 -0.2862
vn -0.2402 0.9477 -0.2100
vn 0.0744 0.6345 0.7693
vn -0.2838 0.7166 0.6372
vn -0.2366 0.4503 0.8609
vn -0.2363 0.4468 0.8629
vn -0.2362 0.4447 0.8640
vn -0.2252 0.5531 0.8021
vn 0.4647 0.5001 0.7307
vn 0.3329 0.8934 -0.3016
vn 0.5102 0.4484 -0.7339
vn -0.0983 0.5800 -0.8086
vn -0.9711 -0.0974 -0.2181
vn -0.2411 0.9550 -0.1728
vn -0.3131 0.6912 0.6513
vn -0.2980 0.6846 0.6652
vn -0.2368 0.4519 0.8601
vn -0.2796 0.4363 0.8553
vn -0.2721 0.3633 0.8911
vn -0.0198 0.5822 0.8128
vn -0.2727 0.9611 0.0432
vn -0.2726 0.9612 0.0431
vn -0.2731 0.9606 0.0510
vn -0.2733 0.9610 0.0428
vn 0.2874 0.5279 0.7992
vn 0.5146 0.4790 -0.7112
vn -0.3835 -0.8909 0.2433
vn 0.0074 0.3633 -0.9317
vn -0.1782 0.5579 -0.8105
vn -0.1801 0.5608 -0.8081
vn -0.1770 0.5564 -0.8119
vn -0.1810 0.5626 -0.8067
vn -0.1936 0.6046 -0.7727
vn -0.3178 0.6496 -0.6907
vn -0.2979 0.8723 -0.3878
vn 0.0071 0.3878 0.9217
vn 0.0073 0.3878 0.9217
vn 0.0077 0.3878 0.9217
vn 0.0076 0.3877 0.9218
vn 0.1358 0.4849 0.8640
vn -0.3055 0.5375 0.7860
vn -0.3233 0.9432 0.0759
vn -0.3438 0.9004 0.2665
vn -0.5628 0.5932 0.5757
vn -0.5597 0.5955 0.5763
vn -0.5630 0.5931 0.5756
vn -0.2424 0.3191 0.9162
vn -0.0723 0.4459 0.8921
vn -0.3156 0.0666 0.9466
vn 0.0269 -0.9919 -0.1241
vn 0.6176 0.2719 -0.7380
vn -0.1905 0.4972 -0.8464
vn -0.3911 0.7033 0.5936
vn -0.3971 0.5298 0.7494
vn 0.6648 -0.2580 0.7011
vn 0.1727 0.2533 0.9518
vn 0.5734 0.2030 -0.7937
vn -0.1389 0.4342 -0.8901
vn -0.1859 0.4274 -0.8847
vn -0.2125 0.5463 -0.8102
vn -0.8281 0.0763 -0.5554
vn -0.3087 0.4976 -0.8106
vn -0.2795 0.4482 -0.8491
vn -0.1817 0.1799 0.9667
vn -0.1817 0.1803 0.9667
vn -0.1817 0.1795 0.9668
vn 0.7872 -0.3268 0.5230
vn 0.1887 0.2578 0.9476
vn 0.5678 0.1008 -0.8170
vn 0.1912 0.1835 -0.9642
vn -0.2186 0.4737 -0.8531
vn -0.2884 0.4019 -0.8691
vn -0.2899 0.3781 -0.8792
vn -0.4997 0.4955 -0.7105
vn 0.8038 0.1019 -0.5861
vn 0.8024 0.1014 -0.5881
vn 0.8038 0.1028 -0.5860
vn -0.3726 0.2484 0.8941
vn -0.1816 0.1790 0.9669
vn 0.0704 0.1361 -0.9882
vn 0.3214 0.1304 -0.9379
vn -0.1655 0.3384 -0.9263
vn -0.2441 0.0993 0.9646
vn -0.2009 0.1019 0.9743
vn -0.0215 -0.4522 0.8916
vn 0.8138 -0.5811 0.0080
vn 0.1064 -0.0006 0.9943
vn -0.0853 0.1712 -0.9815
vn -0.2157 -0.6686 -0.7117
vn -0.2162 -0.6724 -0.7079
vn -0.2166 -0.6746 -0.7057
vn -0.2860 0.2901 -0.9133
vn -0.3702 -0.0172 0.9288
vn 0.4949 -0.4583 0.7383
vn -0.6185 0.4564 0.6397
vn 0.1932 -0.0054 -0.9811
vn -0.1779 0.2501 -0.9517
vn -0.5067 0.0285 -0.8616
vn -0.3098 -0.3074 0.8997
vn -0.1263 -0.0402 0.9912
vn 0.7089 -0.3400 -0.6179
vn 0.8880 -0.2557 -0.3823
vn 0.4123 -0.1190 -0.9033
vn -0.1475 0.1494 -0.9777
vn -0.1636 0.1719 -0.9714
vn -0.3068 0.0067 -0.9518
vn -0.5671 -0.0865 -0.8191
vn -0.6233 -0.3036 -0.7206
vn -0.2604 -0.2712 0.9266
vn -0.2459 -0.1155 0.9624
vn 0.8210 -0.3159 -0.4755
vn 0.8604 -0.2784 -0.4269
vn -0.2484 0.0369 -0.9680
vn -0.3770 -0.2774 -0.8837
vn -0.3771 -0.2774 -0.8837
vn -0.3765 -0.2767 -0.8841
vn -0.4287 -0.7755 0.4634
vn -0.2687 -0.5917 0.7601
vn 0.7775 -0.5996 0.1898
vn 0.7797 -0.5986 0.1836
vn 0.7781 -0.5993 0.1882
vn 0.7803 -0.5984 0.1821
vn 0.0754 -0.5884 0.8051
vn 0.1122 -0.8069 -0.5799
vn -0.2002 -0.5789 0.7904
vn -0.1094 -0.2506 0.9619
vn 0.7291 -0.6309 -0.2652
vn 0.5918 -0.4994 -0.6328
vn 0.5917 -0.4987 -0.6334
vn 0.5826 -0.4992 -0.6414
vn 0.5812 -0.4994 -0.6425
vn 0.0687 -0.2716 -0.9600
vn -0.1999 -0.2486 -0.9478
vn 0.3240 0.3993 0.8577
vn -0.3081 -0.9072 0.2864
vn 0.8569 -0.5153 -0.0141
vn 0.5664 -0.8219 0.0602
vn -0.0658 -0.4082 0.9105
vn -0.0737 -0.4094 0.9094
vn -0.0648 -0.4082 0.9106
vn 0.8167 -0.4179 -0.3980
vn 0.8000 -0.4240 -0.4245
vn 0.7659 -0.4710 -0.4377
vn 0.5353 -0.4561 -0.7109
vn 0.0641 -0.3178 -0.9460
vn 0.0691 -0.3026 -0.9506
vn 0.5867 -0.8091 0.0329
vn -0.1460 -0.4283 -0.8918
vn -0.1461 -0.6443 0.7507
vn -0.0740 -0.4104 0.9089
vn -0.8189 -0.5665 0.0922
vn 0.6750 -0.7128 -0.1904
vn 0.7435 -0.5910 -0.3130
vn 0.6046 -0.5189 -0.6043
vn 0.4147 -0.5643 -0.7138
vn -0.2328 -0.3279 -0.9156
vn -0.2378 -0.3573 -0.9032
vn -0.2453 -0.8247 -0.5097
vn -0.2213 -0.9179 -0.3295
vn -0.3317 -0.9211 -0.2038
vn -0.3619 -0.9231 -0.1303
vn -0.3059 -0.9482 0.0858
vn -0.2344 -0.9584 0.1627
vn -0.2915 -0.9308 -0.2207
vn -0.3100 -0.9353 -0.1708
vn -0.3125 -0.9497 -0.0205
vn -0.1496 -0.9611 0.2323
vn 0.8572 -0.4794 -0.1882
vn 0.0095 -0.9999 -0.0065
vn 0.4894 -0.7225 -0.4884
vn 0.0420 -0.5749 -0.8172
vn -0.2203 -0.9737 -0.0588
vn 0.5291 -0.7743 -0.3470
vn 0.5463 -0.7547 -0.3632
vn 0.3168 -0.9210 -0.2268
vn 0.0316 -0.6554 -0.7547
vn -0.0995 -0.8930 -0.4389
vn 0.4206 -0.8390 -0.3452
vn 0.0074 -0.9842 0.1769
vn -0.0943 -0.6856 -0.7218
vn -0.1055 -0.7573 -0.6444
vn -0.1161 -0.7829 -0.6112
vn -0.1159 -0.8209 -0.5592
vn -0.1216 -0.9592 -0.2551
vn -0.1266 -0.9747 -0.1841
vn -0.0614 -0.9787 -0.1961
vn -0.0564 -0.9596 -0.2758
vn -0.0936 -0.7782 -0.6210
vn -0.0262 -0.8819 -0.4707
vn -0.0249 -0.9077 -0.4190
vn 0.0173 -0.1570 -0.9874
vn -0.0144 0.0584 -0.9982
vn -0.0270 0.0971 -0.9949
vn 0.0590 -0.0484 -0.9971
vn -1.0000 0.0005 -0.0004
vn -1.0000 -0.0000 -0.0000
vn -1.0000 -0.0003 -0.0003
vn -1.0000 0.0004 0.0002
vn -1.0000 0.0002 0.0001
vn -1.0000 -0.0006 -0.0000
vn -1.0000 -0.0001 -0.0001
vn -1.0000 0.0005 -0.0002
vn -1.0000 -0.0004 0.0003
vn -1.0000 0.0055 -0.0040
vn -1.0000 0.0070 -0.0050
vn -0.9999 -0.0094 0.0108
vn 0.0106 -0.2435 -0.9699
vn 0.0023 -0.2846 -0.9586
vn -0.0080 -0.3220 -0.9467
vn 0.0612 0.4482 -0.8918
vn 0.0641 0.3835 -0.9213
vn 0.0784 0.3392 -0.9375
vn 0.0909 0.2452 -0.9652
vn 0.0825 0.1469 -0.9857
vn -0.0554 0.2985 -0.9528
vn -0.0333 0.5136 -0.8574
vn 0.0832 0.1201 -0.9893
vn 0.0691 -0.0803 -0.9944
vn 0.0577 -0.1600 -0.9854
vn -0.0151 -0.3562 -0.9343
vn -0.1075 -0.6167 -0.7798
vn -0.1275 -0.6552 -0.7446
vn -0.1457 -0.6819 -0.7168
vn 0.0709 0.5589 -0.8262
vn 0.0710 0.5594 -0.8259
vn 0.0698 0.5581 -0.8268
vn -0.1805 0.5339 -0.8260
vn -0.0958 0.4042 -0.9096
vn -0.0347 0.6650 -0.7460
vn 0.1445 0.0987 -0.9846
vn 0.1616 0.0634 -0.9848
vn 0.1700 -0.2074 -0.9634
vn -0.0040 -0.6008 -0.7994
vn 0.1495 -0.2967 -0.9432
vn 0.1130 -0.3873 -0.9150
vn 0.0522 -0.4072 -0.9119
vn 0.0477 0.7382 -0.6729
vn 0.0694 0.5579 -0.8270
vn 0.1119 0.4987 -0.8595
vn 0.1193 0.4988 -0.8585
vn 0.1130 0.4980 -0.8598
vn 0.1195 0.5004 -0.8575
vn 0.1428 0.4768 -0.8673
vn 0.1518 0.4299 -0.8900
vn 0.1351 0.3153 -0.9393
vn -0.2582 0.7109 -0.6541
vn -0.1818 0.5788 -0.7950
vn -0.0157 0.6903 -0.7234
vn -0.0156 0.7724 -0.6350
vn 0.4411 0.0716 -0.8946
vn 0.4840 -0.0573 -0.8732
vn 0.4354 -0.1236 -0.8917
vn 0.1696 -0.2779 -0.9455
vn 0.4542 -0.1707 -0.8744
vn -0.1598 -0.7274 -0.6674
vn 0.0680 -0.5150 -0.8545
vn 0.1721 -0.4894 -0.8549
vn -0.1731 -0.7898 -0.5885
vn -0.1742 -0.8038 -0.5688
vn 0.0842 0.6299 -0.7721
vn -0.4131 0.8359 -0.3615
vn -0.4127 0.8362 -0.3612
vn -0.4080 0.8400 -0.3578
vn -0.2596 0.7760 -0.5749
vn -0.1956 0.8375 -0.5102
vn -0.0434 0.8367 -0.5459
vn 0.2146 0.2124 -0.9533
vn 0.2626 0.2014 -0.9437
vn 0.2722 0.1118 -0.9557
vn 0.5025 0.1069 -0.8580
vn 0.5757 0.1060 -0.8108
vn 0.6370 -0.0105 -0.7708
vn 0.5586 -0.0541 -0.8277
vn 0.6008 -0.1875 -0.7771
vn 0.6135 -0.1927 -0.7659
vn 0.6936 -0.3571 -0.6256
vn 0.6277 -0.4406 -0.6418
vn 0.3491 -0.5281 -0.7741
vn 0.3814 -0.6535 -0.6538
vn 0.3836 -0.6538 -0.6523
vn 0.3835 -0.6538 -0.6523
vn 0.0066 -0.6747 -0.7381
vn 0.0553 -0.7139 -0.6981
vn 0.0601 -0.7433 -0.6662
vn 0.0342 -0.7644 -0.6438
vn 0.0551 -0.8153 -0.5764
vn 0.0441 -0.8203 -0.5702
vn 0.0555 -0.8149 -0.5770
vn 0.0571 -0.8148 -0.5769
vn -0.1810 -0.8190 -0.5445
vn -0.0414 0.8533 -0.5198
vn 0.0175 0.8439 -0.5362
vn 0.0492 0.8079 -0.5873
vn 0.2140 0.7223 -0.6576
vn 0.1087 0.6043 -0.7893
vn 0.1230 0.5778 -0.8068
vn 0.2582 0.4027 -0.8782
vn 0.3635 0.2782 -0.8891
vn -0.4070 0.8407 -0.3572
vn -0.2324 0.8252 -0.5148
vn 0.4216 0.2782 -0.8631
vn 0.5022 0.2317 -0.8331
vn 0.7352 0.2550 -0.6281
vn 0.7537 0.2187 -0.6198
vn 0.7923 -0.1952 -0.5780
vn 0.7919 -0.1960 -0.5784
vn 0.7926 -0.1955 -0.5776
vn 0.7944 -0.1947 -0.5753
vn 0.7084 -0.3478 -0.6142
vn 0.6856 -0.4906 -0.5377
vn 0.3839 -0.6538 -0.6521
vn -0.2082 -0.7834 -0.5856
vn -0.3001 -0.8257 -0.4776
vn 0.4065 -0.6845 -0.6052
vn 0.2774 -0.7417 -0.6106
vn 0.2527 -0.8043 -0.5378
vn 0.2930 -0.8076 -0.5118
vn -0.2093 -0.8772 -0.4320
vn -0.0042 0.9169 -0.3991
vn -0.0580 0.9043 -0.4230
vn 0.1658 0.7949 -0.5836
vn 0.0756 0.8173 -0.5712
vn 0.2996 0.6903 -0.6586
vn 0.2338 0.5545 -0.7986
vn 0.1648 0.5409 -0.8248
vn 0.3357 0.5227 -0.7836
vn 0.4769 0.5058 -0.7189
vn -0.4452 0.8609 -0.2463
vn -0.3365 0.8696 -0.3614
vn -0.1668 0.9053 -0.3906
vn 0.7013 0.3725 -0.6078
vn 0.7493 0.2888 -0.5959
vn 0.8943 0.1614 -0.4173
vn 0.9166 0.0981 -0.3875
vn 0.9210 0.0508 -0.3861
vn 0.9016 -0.0084 -0.4325
vn 0.9031 -0.0364 -0.4278
vn 0.9093 -0.1785 -0.3758
vn 0.9216 -0.0920 -0.3772
vn 0.9145 -0.1698 -0.3673
vn 0.8833 -0.2840 -0.3729
vn 0.8587 -0.3125 -0.4062
vn 0.8079 -0.3939 -0.4383
vn 0.6995 -0.4880 -0.5221
vn 0.4784 -0.6724 -0.5648
vn -0.3129 -0.8730 -0.3741
vn -0.1588 -0.9323 -0.3251
vn -0.0437 -0.9427 -0.3307
vn -0.0395 -0.9423 -0.3325
vn -0.0401 -0.9425 -0.3318
vn -0.0443 -0.9427 -0.3307
vn 0.1531 -0.9310 -0.3313
vn 0.3608 -0.7865 -0.5012
vn 0.4461 -0.7725 -0.4519
vn -0.2144 -0.8925 -0.3969
vn 0.0628 0.8902 -0.4512
vn 0.3351 0.7988 -0.4996
vn 0.3355 0.7981 -0.5004
vn 0.3335 0.7987 -0.5008
vn 0.3553 0.7025 -0.6167
vn 0.4895 0.6558 -0.5748
vn 0.5759 0.4205 -0.7011
vn -0.3961 0.9148 -0.0789
vn -0.3942 0.9152 -0.0842
vn -0.3941 0.9152 -0.0837
vn -0.3966 0.9147 -0.0779
vn -0.3869 0.9037 -0.1835
vn -0.3172 0.9095 -0.2688
vn -0.2801 0.9263 -0.2520
vn -0.2225 0.9343 -0.2786
vn -0.1289 0.9663 -0.2228
vn -0.1281 0.9652 -0.2280
vn -0.1253 0.9656 -0.2279
vn 0.7420 0.4281 -0.5159
vn 0.8923 0.1898 -0.4096
vn 0.9886 0.0541 -0.1404
vn 0.6934 -0.5520 -0.4630
vn 0.7946 -0.4983 -0.3468
vn -0.3500 -0.8953 -0.2754
vn -0.4111 -0.8930 -0.1830
vn -0.5878 -0.8065 -0.0639
vn -0.2403 -0.9348 -0.2616
vn 0.2987 -0.9245 -0.2369
vn 0.3002 -0.9240 -0.2368
vn 0.2997 -0.9242 -0.2368
vn 0.2980 -0.9247 -0.2369
vn -0.2577 -0.9467 -0.1934
vn -0.2881 -0.9550 -0.0710
vn -0.3210 -0.9469 0.0161
vn -0.3773 -0.9261 -0.0010
vn -0.0591 0.9354 -0.3486
vn -0.0409 0.9490 -0.3126
vn -0.0464 0.9510 -0.3056
vn -0.0450 0.9505 -0.3075
vn -0.0389 0.9483 -0.3151
vn 0.0068 0.9569 -0.2904
vn 0.2008 0.9290 -0.3108
vn 0.2105 0.9194 -0.3323
vn 0.2563 0.8995 -0.3538
vn 0.6020 0.7368 -0.3077
vn 0.4221 0.7698 -0.4788
vn 0.3412 0.8016 -0.4909
vn 0.4993 0.6637 -0.5570
vn 0.5477 0.5680 -0.6143
vn -0.5611 0.8276 0.0132
vn -0.4947 0.8647 0.0873
vn -0.3992 0.9132 0.0813
vn -0.3943 0.9166 0.0661
vn -0.2802 0.9468 -0.1582
vn -0.1868 0.9779 -0.0941
vn -0.1933 0.9770 -0.0906
vn -0.1922 0.9771 -0.0910
vn -0.1857 0.9780 -0.0949
vn -0.1281 0.9649 -0.2294
vn 0.7331 0.4567 -0.5040
vn 0.7724 0.4906 -0.4033
vn 0.9162 0.2395 -0.3214
vn 0.9868 0.1163 -0.1130
vn 0.9914 0.0623 -0.1153
vn 0.9280 0.2423 -0.2829
vn 0.9791 0.0017 -0.2033
vn 0.9802 -0.0218 -0.1968
vn 0.9600 -0.1724 -0.2206
vn 0.9393 -0.2485 -0.2367
vn 0.9204 -0.2806 -0.2722
vn 0.8957 -0.3427 -0.2833
vn 0.7394 -0.5961 -0.3130
vn -0.0686 -0.9765 -0.2044
vn 0.7518 -0.6332 -0.1839
vn 0.7409 -0.6512 -0.1642
vn 0.5272 -0.8344 -0.1606
vn -0.2634 -0.9513 -0.1602
vn -0.4032 -0.8850 0.2330
vn -0.4181 -0.9043 0.0858
vn -0.3484 -0.9299 0.1182
vn -0.3874 -0.8908 0.2373
vn -0.5418 -0.8383 0.0603
vn -0.0045 0.9936 -0.1125
vn 0.0661 0.9802 -0.1868
vn 0.1949 0.9554 -0.2220
vn 0.1942 0.9556 -0.2216
vn 0.1954 0.9552 -0.2223
vn -0.0818 0.9875 -0.1345
vn -0.0845 0.9884 -0.1258
vn -0.0835 0.9881 -0.1294
vn -0.0808 0.9872 -0.1377
vn 0.4130 0.8869 -0.2069
vn 0.5039 0.8359 -0.2174
vn 0.6193 0.7253 -0.3008
vn 0.7877 0.5378 -0.3004
vn 0.7890 0.4860 -0.3759
vn -0.5556 0.8008 0.2238
vn -0.4990 0.8203 0.2797
vn -0.3958 0.9108 0.1170
vn -0.2062 0.9779 0.0350
vn 0.9151 0.3202 -0.2452
vn 0.9254 0.3236 -0.1973
vn 0.9876 -0.0658 -0.1424
vn 0.9968 0.0226 -0.0768
vn 0.9980 -0.0086 -0.0618
vn 0.9839 -0.1100 -0.1406
vn 0.9547 -0.2412 -0.1743
vn 0.9479 -0.2847 -0.1428
vn 0.9485 -0.2842 -0.1401
vn 0.9480 -0.2847 -0.1421
vn 0.8853 -0.3789 -0.2695
vn -0.5556 -0.8102 0.1869
vn 0.2145 -0.9655 -0.1474
vn 0.1419 -0.9794 -0.1436
vn 0.9342 -0.3400 -0.1078
vn 0.8089 -0.5879 -0.0122
vn 0.3816 -0.9223 -0.0608
vn 0.5397 -0.8414 -0.0271
vn 0.0108 -0.9994 -0.0340
vn -0.0533 -0.9641 0.2600
vn -0.4635 -0.8363 0.2929
vn -0.3941 -0.8783 0.2706
vn -0.1774 -0.9516 0.2509
vn -0.2133 -0.9254 0.3132
vn 0.4003 0.8947 -0.1981
vn 0.5380 0.8174 -0.2061
vn 0.7182 0.6637 -0.2091
vn 0.7954 0.5363 -0.2823
vn -0.4835 0.7901 0.3768
vn -0.2935 0.9251 0.2410
vn -0.2004 0.9531 0.2270
vn -0.1624 0.9792 0.1218
vn -0.1455 0.9837 0.1056
vn -0.1143 0.9933 0.0146
vn 0.9077 0.3871 -0.1618
vn 0.9871 0.1484 -0.0600
vn 0.9901 0.1369 -0.0315
vn 0.9960 0.0893 -0.0091
vn 0.9676 0.2349 -0.0926
vn 0.9103 0.3998 -0.1076
vn 0.9878 -0.1188 -0.1003
vn 0.9486 -0.2839 -0.1396
vn 0.2489 -0.9685 0.0065
vn 0.0753 -0.9963 -0.0423
vn 0.9262 -0.3771 0.0020
vn 0.8071 -0.5904 0.0021
vn 0.6092 -0.7928 0.0172
vn -0.1700 -0.9221 0.3476
vn 0.1363 -0.9355 0.3259
vn 0.1887 -0.8855 0.4246
vn 0.4564 -0.8647 0.2098
vn -0.4287 -0.8159 0.3879
vn -0.4595 -0.7999 0.3860
vn -0.0173 0.9997 0.0181
vn -0.0179 0.9997 0.0183
vn -0.0096 0.9998 0.0157
vn -0.0080 0.9999 0.0147
vn -0.0070 0.9999 0.0154
vn 0.6030 0.7969 -0.0367
vn 0.4792 0.8762 -0.0503
vn 0.8381 0.5398 -0.0784
vn 0.7625 0.6195 -0.1865
vn -0.4010 0.8134 0.4213
vn -0.3002 0.9047 0.3023
vn -0.1534 0.9701 0.1879
vn -0.1978 0.9397 0.2792
vn -0.1729 0.9548 0.2420
vn -0.1175 0.9922 0.0411
vn 0.9981 0.0503 0.0368
vn 0.9353 0.3481 -0.0629
vn 0.8601 0.5047 -0.0745
vn 0.9990 -0.0398 -0.0226
vn 0.9989 -0.0400 -0.0224
vn 0.9990 -0.0397 -0.0225
vn 0.9894 -0.1146 -0.0889
vn 0.9756 -0.2124 -0.0556
vn 0.5672 -0.7911 0.2290
vn 0.9508 -0.2994 0.0795
vn 0.9380 -0.3401 0.0670
vn 0.9624 -0.2629 0.0678
vn 0.8636 -0.4960 0.0905
vn 0.8370 -0.5221 0.1637
vn 0.6533 -0.7456 0.1313
vn 0.2375 -0.8621 0.4477
vn 0.5899 -0.7601 0.2726
vn 0.3302 -0.8253 0.4581
vn -0.4419 -0.7911 0.4229
vn -0.5051 -0.7047 0.4982
vn -0.6585 -0.6397 0.3965
vn -0.3512 -0.7854 0.5097
vn -0.4458 -0.7799 0.4394
vn -0.2903 -0.7899 0.5401
vn 0.2079 0.9685 0.1369
vn 0.4230 0.9019 0.0875
vn 0.6061 0.7864 0.1193
vn 0.6703 0.7420 -0.0006
vn 0.4738 0.8716 0.1262
vn 0.8054 0.5928 -0.0036
vn 0.8094 0.5872 0.0039
vn 0.8099 0.5865 -0.0015
vn -0.6280 0.6270 0.4609
vn -0.6106 0.5855 0.5332
vn -0.5178 0.5822 0.6269
vn -0.2337 0.9039 0.3581
vn -0.2379 0.9011 0.3626
vn -0.2364 0.9021 0.3610
vn -0.2321 0.9051 0.3564
vn -0.1318 0.9799 0.1495
vn -0.1122 0.9919 0.0600
vn 0.9319 0.3625 0.0113
vn 0.9423 0.3312 0.0478
vn 0.9858 0.1643 0.0338
vn 0.9853 0.1632 0.0508
vn 0.9907 0.1157 0.0717
vn 0.9984 0.0070 0.0570
vn 0.9168 0.3993 -0.0012
vn 0.9990 -0.0397 -0.0221
vn 0.9832 -0.1776 -0.0412
vn 0.9735 -0.1983 0.1135
vn 0.9530 -0.2275 0.2003
vn 0.9666 -0.1927 0.1689
vn 0.8554 -0.4409 0.2718
vn 0.4307 -0.7184 0.5462
vn 0.2907 -0.7636 0.5766
vn 0.2414 -0.7570 0.6071
vn 0.2203 -0.7093 0.6696
vn 0.0145 -0.6559 0.7547
vn -0.1882 -0.7109 0.6776
vn -0.2040 -0.7633 0.6130
vn 0.7616 -0.5534 0.3372
vn 0.5390 -0.6387 0.5492
vn -0.5074 -0.6730 0.5382
vn -0.4686 -0.6332 0.6160
vn -0.4471 -0.6831 0.5776
vn -0.4488 -0.6822 0.5772
vn -0.4493 -0.6819 0.5772
vn -0.4595 -0.6762 0.5759
vn -0.2079 -0.7038 0.6793
vn 0.0167 0.9857 0.1679
vn 0.1600 0.9669 0.1988
vn 0.6741 0.7199 0.1654
vn 0.7880 0.5954 0.1567
vn 0.8089 0.5879 0.0061
vn -0.6307 0.5147 0.5807
vn -0.5835 0.5202 0.6237
vn -0.5427 0.3499 0.7636
vn -0.5157 0.3720 0.7718
vn -0.4000 0.6472 0.6489
vn -0.3329 0.7911 0.5132
vn -0.0389 0.9815 0.1875
vn -0.1674 0.8556 0.4899
vn -0.2547 0.8306 0.4951
vn 0.9449 0.3026 0.1246
vn 0.9588 0.2539 0.1274
vn 0.9932 -0.0029 0.1160
vn 0.9848 0.0738 0.1574
vn 0.8083 0.5475 0.2165
vn 0.9923 -0.1202 0.0313
vn 0.9916 -0.1215 0.0435
vn 0.9887 -0.0984 0.1129
vn 0.9434 -0.2363 0.2327
vn 0.9718 -0.1564 0.1767
vn 0.8727 -0.3899 0.2939
vn 0.5366 -0.6199 0.5726
vn 0.2872 -0.4294 0.8562
vn 0.6539 -0.4771 0.5872
vn -0.2210 -0.5295 0.8190
vn -0.1328 -0.5179 0.8451
vn 0.7763 -0.4978 0.3867
vn 0.7586 -0.4929 0.4261
vn -0.4721 -0.5990 0.6468
vn -0.4775 -0.5563 0.6801
vn -0.6371 -0.4629 0.6163
vn 0.3665 0.8912 0.2674
vn 0.4320 0.8689 0.2416
vn 0.2121 0.9401 0.2667
vn 0.6506 0.7120 0.2643
vn -0.8022 0.3636 0.4736
vn -0.6167 0.3835 0.6875
vn -0.6212 0.3792 0.6857
vn -0.6196 0.3807 0.6864
vn -0.6121 0.3878 0.6892
vn -0.4061 0.6099 0.6805
vn -0.4137 0.4171 0.8092
vn -0.3988 0.4742 0.7849
vn -0.3474 0.7267 0.5926
vn -0.3466 0.7272 0.5925
vn -0.3414 0.7288 0.5935
vn -0.0547 0.9487 0.3113
vn -0.0439 0.9496 0.3105
vn -0.0529 0.9489 0.3110
vn -0.0419 0.9495 0.3109
vn -0.1181 0.8437 0.5237
vn 0.9312 0.3284 0.1581
vn 0.9574 0.2266 0.1788
vn 0.9700 0.1044 0.2196
vn 0.9894 -0.0012 0.1449
vn 0.9821 -0.1031 0.1580
vn 0.8416 0.4483 0.3011
vn 0.8665 0.3854 0.3173
vn 0.8493 0.4769 0.2262
vn 0.9517 -0.1566 0.2642
vn 0.9442 -0.1938 0.2662
vn 0.9537 -0.1066 0.2813
vn 0.9538 -0.1070 0.2806
vn 0.9552 -0.1072 0.2757
vn 0.9030 -0.3116 0.2960
vn 0.0094 -0.5383 0.8427
vn 0.1117 -0.4864 0.8665
vn 0.8038 -0.3699 0.4658
vn 0.8390 -0.2952 0.4570
vn 0.8310 -0.2677 0.4877
vn 0.6230 -0.2867 0.7278
vn 0.5429 -0.3752 0.7513
vn -0.3113 -0.5117 0.8007
vn 0.8086 -0.4000 0.4315
vn -0.4917 -0.5185 0.6995
vn -0.4971 -0.3849 0.7776
vn -0.5894 -0.4404 0.6773
vn -0.4741 -0.5131 0.7155
vn -0.4111 -0.4408 0.7979
vn 0.0451 0.9377 0.3446
vn 0.1424 0.9370 0.3191
vn 0.6208 0.6925 0.3675
vn 0.6761 0.6808 0.2818
vn 0.3499 0.7917 0.5009
vn -0.7187 0.1059 0.6872
vn -0.7049 0.0938 0.7031
vn -0.5564 0.1007 0.8248
vn -0.5412 0.1280 0.8311
vn -0.4583 0.2256 0.8597
vn -0.4428 0.3267 0.8350
vn -0.4501 0.1754 0.8756
vn -0.3722 0.4047 0.8353
vn -0.3815 0.4998 0.7776
vn -0.3662 0.5544 0.7474
vn -0.3405 0.7289 0.5940
vn -0.2235 0.7684 0.5997
vn 0.0147 0.8471 0.5312
vn 0.0751 0.8577 0.5087
vn -0.2740 0.7981 0.5365
vn 0.9432 0.2610 0.2056
vn 0.9506 0.2626 0.1652
vn 0.9348 0.1606 0.3167
vn 0.9621 0.0833 0.2597
vn 0.9557 0.0197 0.2937
vn 0.9806 -0.0220 0.1947
vn 0.9825 -0.0126 0.1861
vn 0.6923 0.5901 0.4153
vn 0.6781 0.5880 0.4410
vn 0.9762 -0.0576 0.2088
vn 0.9556 -0.1071 0.2744
vn 0.9137 -0.2485 0.3216
vn 0.9014 -0.3016 0.3108
vn 0.6265 -0.2695 0.7314
vn 0.4474 -0.1965 0.8725
vn 0.4240 -0.1065 0.8994
vn 0.1966 -0.1163 0.9736
vn 0.1153 -0.2520 0.9608
vn 0.1925 -0.2879 0.9381
vn 0.1929 -0.3564 0.9142
vn -0.3979 -0.2938 0.8691
vn -0.4130 -0.3360 0.8465
vn -0.4769 -0.3917 0.7868
vn -0.4851 -0.3457 0.8032
vn -0.4853 -0.3218 0.8130
vn -0.6236 -0.2078 0.7536
vn 0.5345 0.7416 0.4054
vn 0.4617 0.7474 0.4777
vn -0.6469 -0.0880 0.7575
vn -0.5995 -0.1001 0.7941
vn -0.5603 0.0061 0.8283
vn -0.4948 0.1456 0.8567
vn -0.4356 -0.0028 0.9001
vn -0.4013 0.1155 0.9087
vn -0.3927 0.1283 0.9107
vn -0.3350 0.1445 0.9311
vn -0.2113 0.2249 0.9512
vn -0.3222 0.4953 0.8068
vn -0.3206 0.4917 0.8096
vn -0.3218 0.4950 0.8071
vn -0.3207 0.4912 0.8099
vn -0.3123 0.5195 0.7953
vn -0.2377 0.6016 0.7626
vn -0.2098 0.7377 0.6417
vn 0.0923 0.7190 0.6889
vn 0.1689 0.7109 0.6828
vn 0.2454 0.7556 0.6073
vn 0.2332 0.7987 0.5547
vn 0.9539 0.0893 0.2864
vn 0.9490 0.0857 0.3034
vn 0.9459 -0.0100 0.3243
vn 0.5061 0.6943 0.5117
vn 0.4631 0.6615 0.5898
vn 0.7228 0.4590 0.5166
vn 0.7520 0.4001 0.5239
vn 0.8749 0.2875 0.3898
vn 0.9170 0.1807 0.3556
vn 0.9076 -0.2238 0.3553
vn 0.9296 -0.1305 0.3447
vn 0.9297 -0.1308 0.3443
vn 0.9296 -0.1306 0.3447
vn 0.9295 -0.1304 0.3450
vn 0.4916 -0.0145 0.8707
vn 0.1462 -0.0811 0.9859
vn -0.1271 -0.1341 0.9828
vn -0.1432 -0.2457 0.9587
vn -0.1462 -0.2447 0.9585
vn -0.1451 -0.2444 0.9588
vn -0.1426 -0.2465 0.9586
vn 0.8444 -0.1784 0.5051
vn 0.8304 -0.1671 0.5315
vn -0.3374 -0.2346 0.9117
vn -0.3359 -0.2259 0.9144
vn -0.3362 -0.2294 0.9134
vn -0.4211 -0.2669 0.8669
vn -0.4907 -0.2674 0.8293
vn -0.5057 -0.2305 0.8313
vn -0.5765 -0.2034 0.7914
vn -0.5871 -0.1898 0.7869
vn -0.6813 -0.1481 0.7168
vn -0.5081 0.0044 0.8613
vn -0.4982 0.0292 0.8666
vn -0.4684 0.0113 0.8834
vn -0.4684 0.0112 0.8834
vn -0.4684 0.0113 0.8835
vn -0.4683 0.0108 0.8835
vn -0.4059 0.0815 0.9103
vn -0.0758 0.1540 0.9852
vn -0.1307 0.3590 0.9241
vn -0.1657 0.4519 0.8765
vn -0.0920 0.4935 0.8648
vn -0.1512 0.6037 0.7827
vn -0.0759 0.6713 0.7373
vn -0.0294 0.6728 0.7392
vn 0.2217 0.5906 0.7759
vn 0.9140 0.0061 0.4057
vn 0.4882 0.6607 0.5702
vn 0.7270 0.3896 0.5653
vn 0.7728 0.2027 0.6014
vn 0.8255 0.1471 0.5449
vn 0.9107 -0.0060 0.4131
vn 0.8094 0.0261 0.5867
vn 0.6428 0.0278 0.7655
vn 0.8466 -0.0165 0.5319
vn 0.4541 0.0275 0.8905
vn 0.2270 0.0310 0.9734
vn -0.2195 -0.0222 0.9754
vn -0.1937 -0.1127 0.9746
vn -0.3353 -0.2243 0.9150
vn -0.3843 -0.1003 0.9177
vn 0.4537 0.5063 0.7334
vn -0.4613 -0.0905 0.8826
vn -0.4425 -0.0694 0.8941
vn -0.4309 -0.0942 0.8975
vn -0.3594 -0.0055 0.9332
vn -0.3132 0.0080 0.9497
vn 0.0458 0.1879 0.9811
vn 0.0057 0.3411 0.9400
vn -0.0273 0.3595 0.9327
vn -0.0111 0.4907 0.8712
vn 0.1160 0.5281 0.8412
vn 0.9236 0.1045 0.3688
vn 0.9121 0.0921 0.3994
vn 0.9077 0.0632 0.4149
vn 0.8107 0.0719 0.5811
vn 0.8225 0.0792 0.5632
vn 0.4628 0.4948 0.7355
vn 0.6284 0.2108 0.7488
vn 0.6422 0.2075 0.7379
vn 0.5367 0.1095 0.8366
vn 0.4872 0.1073 0.8667
vn 0.2083 0.1840 0.9606
vn 0.1664 0.1662 0.9720
vn 0.4133 0.1718 0.8942
vn 0.3903 0.4340 0.8120
vn 0.3912 0.4309 0.8132
vn 0.3918 0.4314 0.8127
vn 0.2421 0.2699 0.9319
vn 0.1499 0.3355 0.9301
vn 0.2342 0.4788 0.8461
vn 0.1482 0.5265 0.8372
vn 0.6466 0.2163 0.7315
vn 0.3924 0.4308 0.8127
vn 0.3369 0.2708 0.9017
vn 0.4322 0.2118 0.8765
vn -1.0000 -0.0001 0.0001
vn -1.0000 -0.0002 0.0001
vn -1.0000 -0.0001 -0.0000
vn -1.0000 0.0001 0.0007
vn -1.0000 -0.0001 0.0011
vn -1.0000 -0.0003 -0.0007
vn -1.0000 -0.0001 -0.0002
vn -1.0000 0.0006 0.0005
vn -1.0000 -0.0000 0.0001
vn -1.0000 -0.0003 -0.0001
vn -1.0000 0.0007 0.0001
vn -1.0000 0.0013 0.0002
vn 0.8614 -0.5075 -0.0207
vn 0.8837 -0.4659 -0.0441
vn 0.8772 -0.4784 -0.0395
vn 1.0000 0.0011 -0.0008
vn 1.0000 0.0003 0.0001
vn 1.0000 -0.0004 -0.0002
vn 1.0000 -0.0003 -0.0002
vn 1.0000 -0.0000 0.0002
vn 1.0000 -0.0003 0.0028
vn 1.0000 0.0011 -0.0030
vn 1.0000 0.0004 -0.0007
vn 1.0000 0.0009 -0.0011
vn 1.0000 -0.0003 0.0004
vn 1.0000 0.0001 0.0001
vn 1.0000 0.0005 -0.0004
vn 0.6939 -0.6984 0.1752
vn 0.7227 -0.6770 0.1394
vn 0.9170 -0.3882 -0.0916
vn 0.9395 -0.3228 -0.1147
vn 0.8628 -0.4804 -0.1572
vn 0.9703 -0.2109 -0.1185
vn 0.9705 -0.2097 -0.1187
vn 0.9710 -0.2074 -0.1191
vn 0.8352 -0.5084 -0.2095
vn 0.9175 -0.3483 -0.1919
vn 0.9713 -0.2058 -0.1194
vn 0.1213 -0.8406 0.5278
vn -0.0777 -0.8144 0.5751
vn 0.8690 -0.4396 -0.2274
vn 0.9840 -0.1323 -0.1192
vn 0.9521 -0.1785 -0.2481
vn 0.9211 -0.2809 -0.2698
vn 0.9308 -0.2502 -0.2666
vn 0.9309 -0.2493 -0.2668
vn 0.9314 -0.2472 -0.2673
vn 0.8753 -0.3611 -0.3217
vn 0.9885 -0.0997 -0.1134
vn 0.9884 -0.0949 -0.1184
vn 0.9885 -0.1002 -0.1136
vn 0.9407 -0.1680 -0.2947
vn 0.9482 -0.1974 -0.2488
vn 0.9315 -0.2464 -0.2674
vn -0.6529 -0.4523 0.6076
vn 0.8644 -0.3807 -0.3284
vn 0.9884 -0.0945 -0.1190
vn 0.9740 -0.1154 -0.1952
vn 0.9739 -0.1141 -0.1961
vn 0.9739 -0.1140 -0.1961
vn 0.8516 -0.2800 -0.4431
vn 0.8518 -0.2807 -0.4423
vn 0.8533 -0.2794 -0.4403
vn 0.9446 -0.1250 -0.3036
vn 0.9567 -0.0696 -0.2826
vn 0.8929 -0.2866 -0.3472
vn 0.9739 -0.1140 -0.1965
vn 0.9777 -0.0391 -0.2065
vn 0.9864 -0.0056 -0.1640
vn 0.9949 0.0004 -0.1012
vn 0.8580 -0.2776 -0.4322
vn 0.9570 -0.0549 -0.2850
vn -0.6992 -0.3806 0.6051
vn -0.6655 -0.4401 0.6029
vn 0.9836 0.0312 -0.1777
vn 0.9964 0.0477 -0.0702
vn 0.9103 -0.1494 -0.3860
vn 0.9079 -0.0917 -0.4089
vn 0.8953 -0.0847 -0.4373
vn 0.9595 -0.0419 -0.2786
vn -0.6680 -0.1770 0.7228
vn -0.6968 -0.1460 0.7022
vn 0.9615 0.0057 -0.2749
vn 0.9873 0.1296 -0.0914
vn -0.7106 0.0358 0.7027
vn -0.7780 0.0962 0.6209
vn -0.7936 -0.1518 0.5892
vn -0.7688 -0.2654 0.5819
vn 0.8202 0.0615 -0.5687
vn 0.8903 0.1424 -0.4326
vn 0.9484 0.0874 -0.3048
vn -0.8196 0.0970 0.5646
vn -0.8200 0.0987 0.5638
vn -0.8198 0.0973 0.5644
vn -0.8405 -0.0183 0.5415
vn 0.9453 0.1818 -0.2708
vn 0.9490 0.2077 -0.2373
vn 0.9270 0.3033 -0.2207
vn 0.9682 0.2300 -0.0980
vn 0.8813 0.1699 -0.4411
vn -0.7726 0.1566 0.6152
vn -0.8011 0.1901 0.5675
vn -0.8009 0.1903 0.5677
vn -0.8009 0.1904 0.5677
vn -0.8200 0.0992 0.5637
vn 0.8956 0.2442 -0.3719
vn 0.9412 0.3140 -0.1251
vn 0.9530 0.2898 -0.0878
vn 0.8884 0.2662 -0.3739
vn -0.8010 0.1903 0.5675
vn -0.8094 0.2914 0.5099
vn 0.8530 0.4874 -0.1864
vn 0.8621 0.4774 -0.1701
vn 0.8900 0.3621 -0.2770
vn 0.8730 0.4008 -0.2778
vn 0.9489 0.3048 -0.0815
vn -0.6887 0.4270 0.5859
vn -0.7269 0.4570 0.5126
vn -0.6977 0.5616 0.4448
vn 0.8661 0.4922 -0.0873
vn 0.8977 0.4378 -0.0498
vn -0.7405 0.4554 0.4943
vn 0.7299 0.6774 0.0921
vn -0.5966 0.6612 0.4548
vn 0.5423 0.8206 0.1806
vn -0.4679 0.7674 0.4383
vn 0.0103 0.9339 0.3573
vn 0.7491 -0.5413 0.3818
vn -0.2480 0.1372 -0.9590
vn 0.5982 0.5467 0.5860
vn 0.0019 -0.7604 0.6494
vn 0.6065 0.2207 -0.7638
vn 0.0492 -0.5187 -0.8535
vn -0.0381 0.4253 -0.9042
vn -0.3985 -0.8925 0.2114
vn -0.5591 0.5960 0.5764
vn -0.0165 0.7796 0.6261
vn -0.3190 -0.0102 0.9477
vn 0.7773 -0.3996 0.4859
vn 0.8021 0.1016 -0.5884
vn 0.3067 0.2062 0.9292
vn -0.7503 0.4588 0.4761
vn -0.2154 -0.6664 -0.7138
vn 0.8350 0.4986 0.2329
vn -0.1597 0.9355 0.3151
vn 0.2550 0.4581 0.8515
vn 0.8999 0.3954 0.1842
vn -0.1843 -0.7762 0.6030
vn -0.2196 0.3524 -0.9097
vn -0.0065 -0.9912 0.1325
s 1
f 1//1 2//1 3//1
f 1//2 5//2 4//2
f 2//3 6//3 3//3
f 3//4 5//4 1//4
f 4//5 12//5 8//5
f 1//6 4//6 9//6
f 6//7 10//7 7//7
f 3//8 11//9 5//10
f 4//11 5//11 13//11
f 5//10 11//9 13//12
f 4//13 14//13 9//13
f 6//14 15//14 10//14
f 3//15 7//15 17//15
f 3//16 17//16 11//16
f 11//17 25//18 13//19
f 12//20 19//20 18//20
f 12//21 18//21 8//21
f 13//19 25//18 20//22
f 13//23 20//23 27//23
f 4//24 13//25 12//26
f 6//27 29//27 31//27
f 16//28 17//28 7//28
f 17//29 16//29 24//29
f 19//30 39//30 26//30
f 19//31 26//31 18//31
f 12//32 27//32 19//32
f 13//25 27//33 12//26
f 2//34 57//35 21//36
f 2//37 21//37 22//37
f 22//38 21//39 29//40
f 31//41 15//41 6//41
f 15//42 32//42 10//42
f 10//43 32//43 23//43
f 24//44 33//44 17//44
f 25//45 34//45 35//45
f 20//46 25//47 37//48
f 20//49 37//49 36//49
f 18//50 26//50 38//50
f 19//51 27//51 36//51
f 20//52 36//52 27//52
f 18//53 38//54 28//55
f 14//56 41//56 9//56
f 15//57 31//57 45//57
f 15//58 45//58 32//58
f 32//59 45//59 46//59
f 32//60 46//60 23//60
f 23//61 46//61 47//61
f 23//62 47//62 16//62
f 16//63 47//63 24//63
f 17//64 33//64 34//64
f 17//65 34//65 25//65
f 35//66 50//66 25//66
f 25//47 50//67 37//48
f 26//68 53//68 54//68
f 38//69 54//69 55//69
f 19//70 36//70 56//70
f 19//71 56//71 39//71
f 14//72 42//72 41//72
f 42//73 75//74 126//75
f 30//76 59//76 58//76
f 44//77 60//77 61//77
f 47//78 62//78 63//78
f 47//79 63//79 64//79
f 24//80 64//81 48//82
f 24//80 47//83 64//81
f 48//84 64//84 65//84
f 48//85 49//85 24//85
f 49//86 66//86 33//86
f 49//87 67//87 66//87
f 33//88 66//88 34//88
f 35//89 68//89 50//89
f 36//90 51//90 56//90
f 37//91 69//91 51//91
f 52//92 71//93 70//94
f 52//95 70//95 26//95
f 53//96 118//96 54//96
f 54//97 118//97 73//97
f 38//98 55//98 40//98
f 39//99 56//99 72//99
f 56//100 92//100 72//100
f 42//101 76//101 57//101
f 42//102 57//102 41//102
f 58//103 60//104 44//104
f 44//105 61//105 82//105
f 45//106 83//106 62//106
f 45//107 62//107 46//107
f 62//108 84//108 85//108
f 62//109 85//109 63//109
f 64//110 63//110 86//110
f 64//111 86//112 87//113
f 64//114 87//114 65//114
f 49//115 65//116 67//117
f 66//118 67//118 88//118
f 66//119 90//119 34//119
f 34//120 90//120 35//120
f 35//121 90//121 68//121
f 56//122 51//122 92//122
f 50//123 68//123 93//123
f 50//124 93//124 37//124
f 37//125 93//125 69//125
f 69//126 94//127 92//128
f 69//129 92//129 51//129
f 52//130 72//130 121//130
f 52//131 97//131 71//131
f 75//132 74//132 126//132
f 126//133 101//133 42//133
f 43//134 77//134 78//134
f 79//135 103//135 80//135
f 61//136 132//136 104//136
f 62//137 83//138 84//139
f 84//139 83//138 105//140
f 84//141 106//141 107//141
f 84//142 107//142 85//142
f 85//143 107//143 108//143
f 85//144 108//144 86//144
f 85//145 86//145 63//145
f 86//112 109//146 87//113
f 87//147 109//147 110//147
f 87//148 110//148 111//148
f 87//149 111//149 89//149
f 66//150 88//150 157//150
f 66//151 157//151 90//151
f 88//152 67//152 112//152
f 67//153 113//153 155//153
f 90//154 91//154 68//154
f 91//155 114//155 68//155
f 68//156 114//156 115//156
f 68//157 115//158 116//159
f 93//160 68//157 116//159
f 93//161 116//161 69//161
f 69//162 116//162 94//162
f 70//163 95//163 118//163
f 95//164 119//164 118//164
f 118//165 122//165 98//165
f 72//166 92//166 121//166
f 92//167 117//167 121//167
f 74//168 99//169 123//170
f 74//168 123//170 100//171
f 100//172 123//172 124//172
f 42//173 101//173 125//173
f 77//174 76//175 128//176
f 77//177 128//177 129//177
f 103//178 79//178 130//178
f 103//179 131//179 80//179
f 82//180 61//180 133//180
f 133//181 105//181 83//181
f 106//182 134//182 135//182
f 106//183 135//183 107//183
f 109//184 136//184 110//184
f 110//185 136//185 137//185
f 67//186 155//186 112//186
f 112//187 155//187 154//187
f 88//188 112//188 157//188
f 111//189 156//189 113//189
f 111//190 113//190 89//190
f 114//191 153//191 152//191
f 117//192 159//192 121//192
f 116//193 115//193 160//193
f 94//194 116//194 117//194
f 96//195 120//195 162//195
f 95//196 162//196 119//196
f 95//197 96//197 162//197
f 163//198 164//198 96//198
f 71//199 97//199 96//199
f 97//200 163//200 96//200
f 122//201 119//201 165//201
f 121//202 159//202 97//202
f 123//203 166//203 167//203
f 123//204 167//204 124//204
f 124//205 167//206 168//207
f 100//208 124//208 127//208
f 125//209 128//176 76//175
f 129//210 128//210 169//210
f 102//211 131//211 170//211
f 79//212 169//212 130//212
f 130//213 218//213 171//213
f 132//214 173//214 174//214
f 132//215 194//215 173//215
f 132//216 174//216 104//216
f 61//217 104//217 133//217
f 133//218 175//218 105//218
f 105//219 175//219 106//219
f 134//220 175//220 176//220
f 107//221 135//221 108//221
f 137//222 136//222 177//222
f 137//223 177//223 178//223
f 157//224 112//224 158//224
f 157//225 158//225 91//225
f 91//226 158//226 114//226
f 112//227 154//227 158//227
f 114//228 158//228 153//228
f 158//229 154//229 153//229
f 114//230 152//230 179//230
f 117//231 116//231 161//231
f 159//232 180//232 97//232
f 119//233 162//234 182//235
f 166//236 210//236 167//236
f 167//206 184//237 168//207
f 168//238 184//238 185//238
f 127//239 187//239 128//239
f 127//240 128//240 125//240
f 127//241 186//241 187//241
f 130//242 169//242 188//242
f 130//243 188//243 218//243
f 218//244 189//245 190//246
f 218//247 190//247 171//247
f 131//248 191//248 192//248
f 131//249 192//250 170//251
f 172//252 192//252 193//252
f 172//253 170//251 192//250
f 172//254 194//254 170//254
f 174//255 173//255 195//255
f 194//256 221//256 173//256
f 104//257 174//257 175//257
f 104//258 175//258 133//258
f 137//259 178//259 197//259
f 137//260 197//261 138//262
f 178//263 177//263 198//263
f 178//264 199//264 197//264
f 159//265 161//265 200//265
f 180//266 202//266 201//266
f 160//267 179//267 203//267
f 160//268 203//268 181//268
f 181//269 203//269 200//269
f 181//270 200//270 161//270
f 162//234 120//271 182//235
f 164//272 163//272 204//272
f 163//273 97//273 180//273
f 163//274 180//274 201//274
f 163//275 201//275 205//275
f 163//276 205//276 204//276
f 120//277 164//277 206//277
f 166//278 209//279 210//280
f 167//281 210//281 211//281
f 185//282 213//282 168//282
f 185//283 184//283 211//283
f 185//284 211//284 212//284
f 168//285 213//285 214//285
f 124//286 214//286 127//286
f 127//287 214//287 186//287
f 186//288 214//288 215//288
f 186//289 215//289 187//289
f 169//290 216//290 188//290
f 189//245 217//291 190//246
f 189//292 218//292 188//292
f 192//293 191//293 219//293
f 193//294 192//295 220//296
f 221//297 222//297 173//297
f 175//298 174//298 224//298
f 176//299 225//300 134//301
f 196//302 177//303 135//304
f 138//262 197//261 228//305
f 138//306 228//306 227//306
f 197//307 199//307 229//307
f 178//308 198//308 230//308
f 178//309 230//309 199//309
f 179//310 152//310 151//310
f 179//311 151//311 231//311
f 179//312 231//312 203//312
f 201//313 202//313 232//313
f 203//314 233//314 234//314
f 203//315 231//315 235//315
f 203//316 234//316 200//316
f 200//317 234//317 202//317
f 204//318 205//318 247//318
f 164//319 204//319 206//319
f 182//320 207//320 208//320
f 165//321 182//321 183//321
f 183//322 182//322 253//322
f 210//323 209//323 237//323
f 211//324 210//324 237//324
f 167//325 211//325 184//325
f 212//326 238//327 259//328
f 212//326 259//328 213//329
f 211//330 237//331 239//332
f 211//333 239//333 212//333
f 215//334 240//334 216//334
f 215//335 216//335 187//335
f 189//336 240//336 217//336
f 190//337 241//337 242//337
f 191//338 242//338 219//338
f 192//295 219//339 220//296
f 220//340 266//340 222//340
f 195//341 243//341 223//341
f 176//342 224//342 225//342
f 225//343 224//343 269//343
f 225//344 269//344 244//344
f 226//345 198//345 196//345
f 227//346 245//346 138//346
f 138//347 245//347 139//347
f 197//348 229//348 228//348
f 198//349 226//349 230//349
f 230//350 226//350 246//350
f 201//351 232//351 205//351
f 232//352 277//352 247//352
f 232//353 247//353 205//353
f 202//354 234//354 249//354
f 203//355 235//355 233//355
f 231//356 151//356 150//356
f 231//357 150//357 235//357
f 204//358 247//358 250//358
f 204//359 250//359 206//359
f 206//360 250//360 251//360
f 207//361 206//361 252//361
f 207//362 254//363 253//364
f 207//362 253//364 208//365
f 253//366 285//367 256//368
f 253//366 256//368 183//369
f 212//370 239//370 238//370
f 213//371 260//371 214//371
f 214//372 260//372 215//372
f 215//373 260//373 261//373
f 215//374 261//374 240//374
f 240//375 261//375 262//375
f 240//376 262//376 217//376
f 217//377 263//377 241//377
f 217//378 262//378 263//378
f 241//379 264//379 242//379
f 242//380 264//380 265//380
f 223//381 224//381 174//381
f 223//382 269//382 224//382
f 195//383 222//383 266//383
f 195//384 266//385 267//386
f 245//387 227//387 271//387
f 245//388 271//388 270//388
f 139//389 272//389 140//389
f 139//390 245//390 270//390
f 139//391 270//391 273//391
f 230//392 276//392 199//392
f 229//393 274//393 228//393
f 229//394 276//394 274//394
f 232//395 202//395 249//395
f 233//396 278//396 248//396
f 235//397 150//397 149//397
f 235//398 149//398 279//398
f 206//399 251//399 252//399
f 251//400 250//401 281//402
f 251//403 282//403 283//403
f 251//404 283//404 252//404
f 207//405 252//405 254//405
f 253//406 284//407 255//408
f 255//409 284//409 286//409
f 258//410 288//410 238//410
f 238//411 288//411 289//411
f 238//412 289//412 290//412
f 238//413 290//413 291//413
f 259//414 238//414 291//414
f 259//415 292//415 213//415
f 213//416 292//416 260//416
f 260//417 292//417 293//417
f 260//418 293//418 261//418
f 262//419 261//420 294//421
f 241//422 296//422 297//422
f 263//423 262//423 294//423
f 264//424 297//424 265//424
f 265//425 298//425 219//425
f 266//426 299//427 324//428
f 243//429 267//386 268//430
f 267//431 300//431 301//431
f 268//432 244//432 243//432
f 243//433 244//433 269//433
f 272//434 273//435 303//436
f 272//437 304//437 140//437
f 273//438 270//438 303//438
f 274//439 276//439 305//439
f 228//440 274//441 306//442
f 228//440 306//442 227//443
f 246//444 302//444 275//444
f 275//445 307//445 276//445
f 276//446 307//446 305//446
f 249//447 248//448 232//447
f 250//401 280//449 281//402
f 254//450 252//450 286//450
f 254//451 286//451 284//451
f 254//452 284//452 253//452
f 256//453 285//453 257//453
f 256//454 257//455 236//456
f 287//457 285//457 313//457
f 289//458 315//458 291//458
f 289//459 291//459 290//459
f 291//460 318//460 319//460
f 291//461 319//461 320//461
f 291//462 320//462 292//462
f 292//463 320//463 293//463
f 293//464 294//421 261//420
f 287//465 289//465 258//465
f 294//466 293//466 322//466
f 294//467 322//467 295//467
f 294//468 295//468 263//468
f 295//469 323//469 321//469
f 297//470 298//470 265//470
f 298//471 324//471 299//471
f 266//426 324//428 267//472
f 301//473 268//473 267//473
f 244//474 302//474 246//474
f 244//475 325//475 302//475
f 271//476 326//476 327//476
f 271//477 327//477 270//477
f 271//478 227//478 306//478
f 271//479 306//479 328//479
f 271//480 328//480 326//480
f 272//481 329//481 304//481
f 272//482 303//483 329//484
f 303//483 330//485 329//484
f 304//486 329//486 357//486
f 270//487 327//487 303//487
f 274//488 305//488 306//488
f 275//489 302//489 307//489
f 277//490 248//491 308//492
f 277//493 308//493 309//493
f 247//494 309//494 310//494
f 247//495 310//495 280//495
f 279//496 333//496 278//496
f 278//497 333//497 334//497
f 278//498 334//498 332//498
f 278//499 332//499 248//499
f 149//500 148//500 279//500
f 280//501 335//501 281//501
f 282//502 281//502 369//502
f 283//503 282//504 311//505
f 311//506 370//506 336//506
f 252//507 311//507 286//507
f 312//508 373//508 338//508
f 312//509 313//510 285//511
f 289//512 317//512 314//512
f 314//513 317//513 339//513
f 289//514 287//514 316//514
f 316//515 342//515 340//515
f 316//516 341//516 342//516
f 289//517 340//517 317//517
f 289//518 316//518 340//518
f 317//519 340//520 343//521
f 291//522 315//522 344//522
f 319//523 345//523 322//523
f 319//524 322//524 320//524
f 293//525 320//525 322//525
f 313//526 341//526 287//526
f 321//527 346//527 296//527
f 296//528 346//528 297//528
f 322//529 348//529 295//529
f 298//530 347//530 350//530
f 324//531 350//531 349//531
f 267//532 324//532 300//532
f 324//533 349//534 300//535
f 325//536 268//536 301//536
f 325//537 352//537 353//537
f 268//538 325//538 244//538
f 325//539 353//539 302//539
f 302//540 353//540 307//540
f 327//541 326//541 354//541
f 303//542 327//542 330//542
f 330//543 355//544 356//545
f 330//546 356//546 357//546
f 330//547 357//547 329//547
f 330//548 327//548 354//548
f 304//549 357//549 358//549
f 331//550 359//550 141//550
f 331//551 141//551 140//551
f 306//552 361//553 328//554
f 307//555 360//555 305//555
f 332//556 334//557 362//558
f 332//559 362//559 308//559
f 309//560 363//560 310//560
f 310//561 363//561 364//561
f 279//562 148//562 333//562
f 333//563 365//563 366//563
f 333//564 366//564 334//564
f 280//565 310//565 335//565
f 335//566 369//566 281//566
f 369//567 370//567 282//567
f 282//504 370//568 311//505
f 370//569 371//569 372//569
f 370//570 372//570 336//570
f 337//571 373//571 312//571
f 337//572 286//572 336//572
f 337//573 336//573 373//573
f 373//574 374//574 338//574
f 286//575 311//575 336//575
f 339//576 315//576 314//576
f 316//577 287//577 341//577
f 342//578 376//578 375//578
f 340//579 375//579 377//579
f 340//580 377//580 378//580
f 343//521 339//581 317//519
f 318//582 344//582 379//582
f 318//583 379//583 380//583
f 318//584 380//584 319//584
f 319//585 380//585 345//585
f 345//586 380//586 348//586
f 345//587 348//587 322//587
f 346//588 321//588 323//588
f 346//589 323//589 381//589
f 346//590 381//590 382//590
f 346//591 382//591 347//591
f 297//592 346//592 347//592
f 323//593 348//593 383//593
f 323//594 383//594 381//594
f 298//595 350//595 324//595
f 350//596 384//596 349//596
f 349//597 384//597 351//597
f 351//598 385//598 386//598
f 351//599 384//599 385//599
f 352//600 351//600 386//600
f 352//601 386//601 353//601
f 326//602 387//602 354//602
f 326//603 328//603 387//603
f 328//554 361//553 388//604
f 328//605 388//605 387//605
f 330//606 389//606 355//606
f 355//544 390//607 356//545
f 358//608 357//608 391//608
f 358//609 359//609 331//609
f 334//557 367//610 362//558
f 362//611 309//611 308//611
f 333//612 148//612 365//612
f 365//613 148//613 147//613
f 334//614 366//614 367//614
f 310//615 364//615 335//615
f 335//616 368//616 369//616
f 369//617 394//617 370//617
f 371//618 395//618 372//618
f 373//619 336//619 372//619
f 373//620 396//621 374//622
f 373//620 372//623 396//621
f 338//624 374//624 376//624
f 338//625 341//625 312//625
f 339//626 397//626 398//626
f 339//627 343//627 400//627
f 339//628 400//628 425//628
f 339//629 425//629 397//629
f 343//630 340//630 378//630
f 315//631 399//631 344//631
f 344//632 402//632 403//632
f 344//633 399//633 402//633
f 379//634 404//634 383//634
f 379//635 383//635 380//635
f 380//636 383//636 348//636
f 381//637 405//637 382//637
f 381//638 406//638 405//638
f 382//639 405//639 347//639
f 383//640 404//640 406//640
f 383//641 406//641 381//641
f 350//642 347//642 407//642
f 353//643 392//643 360//643
f 387//644 409//644 389//644
f 387//645 389//645 354//645
f 388//646 410//646 387//646
f 389//647 411//647 355//647
f 355//648 413//648 390//648
f 390//649 391//649 356//649
f 356//650 391//650 357//650
f 358//651 468//651 359//651
f 359//652 415//652 142//652
f 359//653 142//653 141//653
f 359//654 468//654 415//654
f 360//655 392//656 361//657
f 306//658 360//658 361//658
f 367//659 366//659 417//659
f 367//660 417//660 418//660
f 367//661 418//661 416//661
f 362//662 367//662 363//662
f 362//663 363//663 309//663
f 363//664 419//664 420//664
f 363//665 420//665 364//665
f 364//666 421//666 393//666
f 364//667 393//667 368//667
f 365//668 147//668 422//668
f 365//669 417//669 366//669
f 393//670 421//670 423//670
f 393//671 369//671 368//671
f 394//672 371//672 370//672
f 371//673 394//673 395//673
f 372//674 449//674 396//674
f 396//675 424//675 374//675
f 374//676 424//676 376//676
f 376//677 342//677 338//677
f 397//678 426//678 398//678
f 398//679 427//679 399//679
f 375//680 376//680 377//680
f 379//681 403//681 428//681
f 379//682 428//682 404//682
f 404//683 428//683 429//683
f 404//684 429//684 406//684
f 405//685 406//685 430//685
f 406//686 429//686 430//686
f 405//687 431//687 347//687
f 405//688 430//688 431//688
f 408//689 407//689 431//689
f 384//690 408//690 461//690
f 384//691 461//691 432//691
f 384//692 432//692 385//692
f 385//693 433//693 386//693
f 386//694 433//694 392//694
f 387//695 410//695 409//695
f 388//696 361//696 434//696
f 410//697 388//697 435//697
f 389//698 436//698 411//698
f 411//699 412//699 355//699
f 411//700 436//700 412//700
f 412//701 413//701 355//701
f 413//702 437//702 414//702
f 413//703 414//703 390//703
f 390//704 414//704 391//704
f 414//705 439//705 391//705
f 414//706 437//706 440//706
f 468//707 439//707 441//707
f 468//708 442//708 415//708
f 361//657 392//656 434//709
f 416//710 418//710 443//710
f 416//711 419//711 367//711
f 419//712 416//712 445//712
f 419//713 445//713 420//713
f 420//714 445//714 421//714
f 420//715 421//715 364//715
f 365//716 422//716 417//716
f 423//717 477//717 447//717
f 394//718 369//718 393//718
f 395//719 394//719 448//719
f 395//720 448//720 449//720
f 395//721 449//721 372//721
f 424//722 451//722 376//722
f 376//723 451//723 377//723
f 425//724 426//724 397//724
f 426//725 453//725 427//725
f 426//726 427//726 398//726
f 427//727 403//727 402//727
f 427//728 402//728 399//728
f 400//729 401//729 425//729
f 401//730 378//730 454//730
f 425//731 401//731 456//731
f 425//732 456//732 455//732
f 377//733 451//733 378//733
f 378//734 451//734 454//734
f 403//735 427//736 428//737
f 430//738 429//738 458//738
f 430//739 458//739 459//739
f 431//740 461//740 408//740
f 431//741 491//741 462//741
f 431//742 462//742 460//742
f 432//743 461//743 433//743
f 433//744 434//744 392//744
f 409//745 410//745 463//745
f 409//746 463//746 389//746
f 388//747 434//747 435//747
f 435//748 464//748 410//748
f 410//749 464//749 494//749
f 389//750 463//750 436//750
f 436//751 466//751 412//751
f 413//752 412//752 465//752
f 413//753 465//753 437//753
f 437//754 465//754 467//754
f 414//755 440//755 438//755
f 438//756 469//757 441//758
f 438//759 441//759 439//759
f 438//760 439//760 414//760
f 437//761 467//761 440//761
f 440//762 467//762 470//762
f 442//763 498//763 471//763
f 442//764 472//764 143//764
f 442//765 143//765 415//765
f 415//766 143//766 142//766
f 417//767 446//767 473//767
f 417//768 473//768 444//768
f 418//769 444//769 443//769
f 445//770 416//770 474//770
f 445//771 474//771 475//771
f 445//772 476//773 421//774
f 421//774 476//773 477//775
f 421//776 477//776 423//776
f 393//777 448//777 394//777
f 448//778 478//778 479//778
f 448//779 480//779 478//779
f 449//780 448//780 479//780
f 449//781 479//781 396//781
f 450//782 481//782 482//782
f 424//783 450//783 451//783
f 426//784 425//784 455//784
f 426//785 455//785 483//785
f 426//786 483//786 452//786
f 452//787 484//787 453//787
f 452//788 453//788 426//788
f 452//789 485//789 484//789
f 453//790 486//790 457//790
f 453//791 457//791 427//791
f 452//792 483//792 485//792
f 427//736 457//793 428//737
f 401//794 454//794 456//794
f 456//795 487//795 455//795
f 457//796 486//797 458//798
f 457//799 458//799 429//799
f 458//798 486//797 488//800
f 459//801 491//801 431//801
f 459//802 431//802 430//802
f 459//803 458//804 489//805
f 433//806 435//806 434//806
f 410//807 494//807 493//807
f 410//808 493//808 463//808
f 465//809 412//809 466//809
f 465//810 466//810 520//810
f 465//811 496//811 467//811
f 438//812 440//812 497//812
f 438//813 497//813 469//813
f 469//757 498//814 441//758
f 440//815 470//815 497//815
f 467//816 499//816 470//816
f 470//817 500//817 497//817
f 470//818 501//818 500//818
f 471//819 502//820 472//821
f 443//822 444//822 505//822
f 443//823 474//823 416//823
f 474//824 506//824 475//824
f 475//825 506//825 507//825
f 475//826 476//826 445//826
f 477//827 476//827 508//827
f 477//828 508//828 447//828
f 479//829 478//830 396//831
f 480//832 447//832 478//832
f 483//833 455//833 487//833
f 483//834 509//834 510//834
f 483//835 510//835 485//835
f 484//836 511//836 453//837
f 453//837 511//836 486//838
f 454//839 513//839 456//839
f 488//840 489//805 458//804
f 459//841 490//841 491//841
f 490//842 515//843 545//844
f 490//842 545//844 546//845
f 490//846 546//846 516//846
f 490//847 516//848 491//849
f 491//849 516//848 462//850
f 462//851 517//851 518//851
f 462//852 518//852 460//852
f 460//853 518//854 492//855
f 460//853 492//855 433//856
f 492//857 435//857 433//857
f 465//858 520//858 521//858
f 465//859 521//859 496//859
f 493//860 495//860 519//860
f 436//861 493//862 466//863
f 467//864 496//864 499//864
f 469//865 523//866 471//867
f 469//865 471//867 498//868
f 497//869 524//869 522//869
f 497//870 500//870 524//870
f 500//871 525//871 524//871
f 470//872 499//872 526//872
f 470//873 526//873 527//873
f 470//874 527//874 501//874
f 471//875 523//875 502//875
f 502//876 528//876 503//876
f 502//820 503//877 472//821
f 503//878 144//878 143//878
f 504//879 529//879 506//879
f 444//880 473//880 505//880
f 446//881 146//881 530//881
f 446//882 531//882 473//882
f 473//883 531//883 505//883
f 507//884 556//884 532//884
f 507//885 529//885 556//885
f 475//886 507//886 476//886
f 476//887 507//887 508//887
f 447//888 508//888 533//888
f 478//889 534//889 481//889
f 478//830 481//890 396//831
f 481//891 535//891 513//891
f 481//892 513//892 482//892
f 482//893 513//893 454//893
f 483//894 487//894 509//894
f 509//895 537//895 538//895
f 511//896 484//896 540//896
f 511//897 540//897 541//897
f 512//898 540//898 484//898
f 456//899 513//899 535//899
f 487//900 542//900 514//900
f 514//901 543//901 537//901
f 514//902 537//902 509//902
f 488//903 515//903 489//903
f 489//904 515//904 490//904
f 515//905 544//905 545//905
f 517//906 516//906 547//906
f 518//907 464//907 492//907
f 521//908 526//908 496//908
f 496//909 526//909 499//909
f 493//862 519//910 466//863
f 466//863 519//910 549//911
f 466//912 550//913 520//914
f 523//915 522//915 551//915
f 523//916 551//916 502//916
f 501//917 525//917 500//917
f 501//918 552//918 525//918
f 525//919 553//919 524//919
f 505//920 531//920 573//920
f 530//921 146//921 145//921
f 531//922 576//922 573//922
f 529//923 504//923 556//923
f 532//924 557//924 507//924
f 507//925 557//925 508//925
f 534//926 579//926 558//926
f 534//927 558//927 535//927
f 534//928 535//928 481//928
f 509//929 536//929 539//929
f 539//930 559//930 512//930
f 540//931 544//931 541//931
f 541//932 515//932 511//932
f 542//933 543//933 514//933
f 544//934 560//934 545//934
f 545//935 560//935 561//935
f 545//936 561//936 562//936
f 545//937 562//937 563//937
f 545//938 563//939 546//940
f 516//941 546//940 563//939
f 516//942 563//942 564//942
f 516//943 564//943 547//943
f 517//944 547//944 548//944
f 548//945 519//945 518//945
f 518//946 519//946 495//946
f 519//947 547//948 549//949
f 526//950 565//950 527//950
f 522//951 524//951 566//951
f 522//952 566//952 551//952
f 524//953 567//953 566//953
f 524//954 553//954 567//954
f 525//955 552//955 569//955
f 525//956 569//956 553//956
f 527//957 565//957 501//957
f 528//958 551//958 570//958
f 503//959 572//959 571//959
f 504//960 573//961 554//962
f 554//963 556//963 504//963
f 573//964 576//964 588//964
f 555//965 530//965 572//965
f 555//966 577//966 576//966
f 556//967 575//967 532//967
f 532//968 575//968 578//968
f 532//969 579//969 557//969
f 557//970 579//970 533//970
f 557//971 533//971 508//971
f 536//972 538//972 539//972
f 539//973 538//973 581//973
f 539//974 582//974 559//974
f 560//975 583//975 561//975
f 564//976 550//976 547//976
f 549//977 547//977 550//977
f 521//978 520//978 550//978
f 521//979 550//979 584//979
f 551//980 566//980 570//980
f 552//981 568//981 569//981
f 569//982 586//982 553//982
f 565//983 585//983 501//983
f 503//984 528//984 572//984
f 570//985 588//985 577//985
f 572//986 528//986 570//986
f 554//962 573//961 588//987
f 554//988 575//988 556//988
f 554//989 574//989 575//989
f 575//990 589//990 590//990
f 575//991 574//991 589//991
f 576//992 577//992 588//992
f 530//993 145//993 571//993
f 530//994 571//994 572//994
f 578//995 591//995 592//995
f 578//996 592//996 593//996
f 578//997 593//997 580//997
f 578//998 580//999 532//1000
f 532//1000 580//999 579//1001
f 580//1002 593//1002 594//1002
f 558//1003 594//1003 535//1003
f 535//1004 594//1004 542//1004
f 537//1005 596//1005 601//1005
f 559//1006 582//1006 544//1006
f 582//1007 583//1008 560//1009
f 564//1010 584//1011 550//1012
f 521//1013 584//1013 526//1013
f 526//1014 584//1014 605//1014
f 526//1015 605//1015 585//1015
f 526//1016 585//1016 565//1016
f 566//1017 607//1017 599//1017
f 567//1018 598//1018 566//1018
f 553//1019 586//1019 598//1019
f 569//1020 609//1020 586//1020
f 552//1021 597//1021 587//1021
f 574//1022 588//1022 599//1022
f 590//1023 589//1023 600//1023
f 590//1024 578//1024 575//1024
f 593//1025 601//1026 596//1027
f 537//1028 595//1028 602//1028
f 537//1029 602//1029 538//1029
f 538//1030 603//1031 581//1032
f 581//1033 603//1034 604//1035
f 581//1036 604//1036 583//1036
f 581//1037 583//1037 582//1037
f 583//1038 587//1038 597//1038
f 561//1039 585//1040 562//1041
f 562//1041 585//1040 605//1042
f 562//1043 605//1043 584//1043
f 562//1044 584//1044 563//1044
f 598//1045 606//1045 566//1045
f 568//1046 608//1046 609//1046
f 568//1047 587//1047 608//1047
f 609//1048 610//1048 586//1048
f 599//1049 607//1049 574//1049
f 574//1050 607//1050 589//1050
f 600//1051 591//1051 590//1051
f 591//1052 600//1052 592//1052
f 592//1053 600//1053 611//1053
f 593//1054 592//1054 601//1054
f 595//1055 612//1055 602//1055
f 583//1056 604//1056 608//1056
f 583//1057 608//1057 587//1057
f 583//1058 597//1058 585//1058
f 598//1059 610//1059 606//1059
f 598//1060 586//1060 610//1060
f 609//1061 612//1061 610//1061
f 589//1062 607//1062 606//1062
f 600//1063 589//1064 613//1065
f 592//1066 595//1066 601//1066
f 610//1067 612//1067 613//1067
f 610//1068 613//1068 606//1068
f 609//1069 602//1070 612//1071
f 589//1064 606//1072 613//1065
f 613//1073 612//1073 600//1073
f 600//1074 612//1074 611//1074
f 6//1075 7//1075 3//1075
f 91//1076 90//1076 157//1076
f 9//1077 2//1077 1//1077
f 10//1078 16//1078 7//1078
f 106//1079 84//1079 105//1079
f 8//1080 14//1080 4//1080
f 2//1081 22//1081 6//1081
f 22//1082 29//1082 6//1082
f 23//1083 16//1083 10//1083
f 25//1084 11//1084 17//1084
f 18//1085 14//1086 8//1087
f 43//1088 78//1088 29//1088
f 30//1089 31//1090 29//1091
f 18//1085 28//1092 14//1086
f 9//1093 57//35 2//34
f 44//1094 45//1095 31//1096
f 30//1097 58//1097 31//1097
f 58//1098 44//1098 31//1098
f 29//40 21//39 43//1099
f 49//1100 33//1100 24//1100
f 38//54 40//1101 28//55
f 28//1102 42//1102 14//1102
f 41//1103 57//1103 9//1103
f 82//1104 45//1095 44//1094
f 81//1105 61//1105 60//1105
f 46//1106 62//1106 47//1106
f 65//116 49//115 48//1107
f 39//1108 52//1108 26//1108
f 54//1109 38//1109 26//1109
f 55//1110 75//1111 40//1112
f 75//1113 28//1113 40//1113
f 439//1114 358//1114 391//1114
f 80//1115 102//1115 59//1115
f 30//1116 79//1116 59//1116
f 79//1117 80//1117 59//1117
f 60//104 58//103 59//1118
f 59//1119 81//1120 60//1121
f 59//1119 102//1122 81//1120
f 81//1123 132//1123 61//1123
f 57//1124 76//1125 21//1126
f 76//1125 77//1127 21//1126
f 21//1128 77//1128 43//1128
f 77//1129 79//1129 78//1129
f 79//1130 30//1130 78//1130
f 87//1131 89//1132 65//1133
f 89//1132 67//1134 65//1133
f 39//1135 72//1135 52//1135
f 26//1136 70//1136 53//1136
f 70//1137 118//1137 53//1137
f 54//1138 74//1138 55//1138
f 74//1139 75//1111 55//1110
f 75//74 42//73 28//1140
f 133//1141 45//1142 82//1143
f 109//1144 108//1144 136//1144
f 132//1145 81//1146 170//1147
f 360//1148 307//1148 353//1148
f 71//93 95//1149 70//94
f 118//1150 98//1150 73//1150
f 73//1151 74//1151 54//1151
f 42//1152 125//1152 76//1152
f 170//1153 81//1153 102//1153
f 80//1154 131//1154 102//1154
f 77//1155 129//1155 79//1155
f 130//1156 171//1156 103//1156
f 171//1157 131//1157 103//1157
f 137//1158 138//1159 139//1160
f 137//1158 139//1160 140//1160
f 137//1158 140//1160 141//1158
f 137//1158 141//1158 142//1161
f 137//1158 142//1161 143//1162
f 137//1158 143//1162 144//1163
f 137//1158 144//1163 571//1164
f 137//1158 571//1164 145//1165
f 137//1158 145//1165 146//1166
f 137//1158 146//1166 147//1163
f 137//1158 147//1163 148//1163
f 137//1158 148//1163 149//1167
f 137//1158 149//1167 150//1168
f 137//1158 150//1168 151//1169
f 137//1158 151//1169 152//1170
f 137//1158 152//1170 153//1171
f 137//1158 153//1171 154//1172
f 137//1158 154//1172 155//1166
f 137//1158 155//1166 156//1173
f 137//1158 156//1173 110//1174
f 156//1175 111//1175 110//1175
f 114//1176 179//1176 115//1176
f 160//1177 181//1177 116//1177
f 181//1178 161//1178 116//1178
f 117//1179 92//128 94//127
f 96//1180 95//1180 71//1180
f 97//1181 52//1181 121//1181
f 164//1182 120//1182 96//1182
f 119//1183 122//1183 118//1183
f 98//1184 122//1184 73//1184
f 122//1185 99//1185 73//1185
f 73//1186 99//1186 74//1186
f 129//1187 169//1187 79//1187
f 193//1188 194//1189 172//1190
f 132//1145 170//1147 194//1191
f 195//1192 223//1192 174//1192
f 222//1193 195//1193 173//1193
f 135//1194 136//1194 108//1194
f 534//1195 447//1196 533//1197
f 160//1198 115//1198 179//1198
f 159//1199 117//1199 161//1199
f 122//1200 166//1201 99//1202
f 100//1203 126//1203 74//1203
f 99//1202 166//1201 123//1204
f 100//1205 101//1205 126//1205
f 100//1206 127//1206 101//1206
f 175//1207 134//1207 106//1207
f 191//1208 131//1208 171//1208
f 220//1209 221//1210 193//1211
f 221//1212 194//1189 193//1188
f 135//304 177//303 136//1213
f 51//1214 36//1214 37//1214
f 202//1215 180//1215 200//1215
f 182//1216 165//1216 119//1216
f 403//1217 379//1217 344//1217
f 125//1218 101//1218 127//1218
f 242//1219 171//1219 190//1219
f 242//1220 191//1220 171//1220
f 220//1209 222//1221 221//1210
f 219//1222 298//1222 220//1222
f 298//1223 299//1223 220//1223
f 176//1224 175//1224 224//1224
f 216//1225 128//1226 187//1227
f 216//1225 169//1228 128//1226
f 134//1229 196//1229 135//1229
f 159//1230 200//1230 180//1230
f 488//1231 511//1231 515//1231
f 206//1232 207//1232 120//1232
f 183//1233 122//1234 165//1235
f 183//1233 209//1236 122//1234
f 122//1237 209//279 166//278
f 212//1238 213//1238 185//1238
f 214//1239 124//1239 168//1239
f 244//1240 246//1241 225//1242
f 246//1241 226//1243 225//1242
f 226//1244 134//301 225//300
f 265//1245 219//1245 242//1245
f 216//1246 240//1246 188//1246
f 240//1247 189//1247 188//1247
f 296//1248 263//1249 295//1250
f 299//1251 266//1251 220//1251
f 243//1252 269//1252 223//1252
f 195//384 267//386 243//429
f 384//1253 407//1253 408//1253
f 568//1254 609//1254 569//1254
f 249//1255 234//1255 233//1255
f 183//1256 236//1256 209//1256
f 217//1257 241//1257 190//1257
f 297//1258 264//1258 241//1258
f 273//435 272//434 139//1259
f 246//1260 276//1260 230//1260
f 277//1261 232//447 248//448
f 253//1262 182//1262 208//1262
f 256//454 236//456 183//1263
f 237//1264 209//1264 236//1264
f 318//1265 291//1265 344//1265
f 258//1266 238//1266 239//1266
f 237//331 257//1267 239//332
f 325//1268 301//1269 300//1270
f 304//1271 331//1271 140//1271
f 275//1272 276//1272 246//1272
f 332//1273 308//492 248//491
f 280//1274 250//1274 247//1274
f 257//1275 237//1275 236//1275
f 287//1276 258//1276 257//1276
f 258//1277 239//1277 257//1277
f 291//1278 292//1278 259//1278
f 279//1279 233//1280 235//1281
f 297//1282 347//1282 298//1282
f 352//1283 325//1268 300//1270
f 281//1284 282//1284 251//1284
f 277//1285 309//1285 247//1285
f 255//408 285//1286 253//406
f 351//1287 300//535 349//534
f 351//1288 352//1288 300//1288
f 493//1289 494//1289 495//1289
f 472//1290 442//1290 471//1290
f 360//1291 306//1291 305//1291
f 311//1292 252//1292 283//1292
f 542//1293 456//1294 535//1295
f 258//1296 289//1296 288//1296
f 347//1297 431//1297 407//1297
f 389//1298 330//1298 354//1298
f 295//1299 321//1299 296//1299
f 364//1300 368//1300 335//1300
f 312//509 285//511 255//1301
f 315//1302 289//1302 314//1302
f 460//1303 461//1303 431//1303
f 386//1304 392//1304 353//1304
f 444//1305 418//1305 417//1305
f 147//1306 446//1306 422//1306
f 367//1307 419//1307 363//1307
f 337//1308 255//1308 286//1308
f 337//1309 312//1309 255//1309
f 375//1310 340//1310 342//1310
f 339//1311 399//1311 315//1311
f 339//1312 398//1312 399//1312
f 460//1313 433//1313 461//1313
f 433//1314 385//1314 432//1314
f 446//1315 417//1315 422//1315
f 146//1316 446//1316 147//1316
f 342//1317 341//1317 338//1317
f 401//1318 400//1319 343//1320
f 489//1321 490//1321 459//1321
f 516//1322 517//1322 462//1322
f 441//1323 498//1324 468//1325
f 498//1324 442//1326 468//1325
f 463//1327 493//1327 436//1327
f 591//1328 578//1328 590//1328
f 378//1320 401//1318 343//1320
f 517//1329 548//1329 518//1329
f 464//1330 435//1330 492//1330
f 577//1331 572//1331 570//1331
f 505//1332 504//1333 443//1334
f 504//1333 506//1335 443//1334
f 423//1336 448//1336 393//1336
f 450//1337 424//1337 396//1337
f 198//1338 177//1338 196//1338
f 541//1339 544//1339 515//1339
f 503//1340 143//1340 472//1340
f 522//1341 469//1341 497//1341
f 464//1342 495//1343 494//1344
f 555//1345 446//1345 530//1345
f 446//1346 555//1346 531//1346
f 555//1347 576//1347 531//1347
f 506//1348 474//1348 443//1348
f 423//1349 447//1349 448//1349
f 447//1350 480//1350 448//1350
f 523//1351 469//1351 522//1351
f 396//1352 481//1352 450//1352
f 547//948 519//947 548//1353
f 518//1354 495//1343 464//1342
f 429//1355 428//1355 457//1355
f 551//1356 528//1356 502//1356
f 572//1357 577//1357 555//1357
f 504//1358 505//1358 573//1358
f 506//1359 529//1359 507//1359
f 482//1360 451//1360 450//1360
f 451//1361 482//1361 454//1361
f 487//1362 514//1362 509//1362
f 538//1363 536//1363 509//1363
f 510//1364 512//1364 485//1364
f 512//1365 484//1365 485//1365
f 540//1366 559//1366 544//1366
f 582//1007 560//1009 544//1367
f 539//1368 510//1368 509//1368
f 512//1369 510//1369 539//1369
f 512//1370 559//1370 540//1370
f 583//1371 585//1371 561//1371
f 571//1372 144//1372 503//1372
f 587//1373 568//1373 552//1373
f 588//1374 574//1374 554//1374
f 533//1375 579//1375 534//1375
f 581//1376 582//1376 539//1376
f 599//1377 570//1377 566//1377
f 599//1378 588//1378 570//1378
f 598//1379 567//1379 553//1379
f 580//1380 558//1380 579//1380
f 601//1381 595//1381 537//1381
f 606//1382 607//1382 566//1382
f 552//1383 585//1383 597//1383
f 594//1384 558//1384 580//1384
f 594//1385 596//1385 542//1385
f 596//1386 543//1386 542//1386
f 596//1387 537//1387 543//1387
f 602//1388 603//1031 538//1030
f 608//1389 604//1035 603//1034
f 603//1390 609//1390 608//1390
f 603//1391 602//1070 609//1069
f 596//1027 594//1392 593//1025
f 595//1393 592//1393 611//1393
f 612//1394 595//1394 611//1394
f 614//1395 616//1395 617//1395
f 614//1396 617//1396 615//1396
f 615//1397 617//1397 619//1397
f 614//1398 620//1398 616//1398
f 617//1399 621//1400 622//1400
f 617//1399 622//1400 623//1400
f 617//1399 623//1400 624//1400
f 617//1399 624//1400 625//1401
f 617//1399 625//1401 626//1402
f 617//1399 626//1402 627//1403
f 617//1399 627//1403 628//1404
f 617//1399 628//1404 629//1405
f 617//1399 629//1405 630//1406
f 617//1399 630//1406 631//1407
f 617//1399 631//1407 632//1408
f 617//1399 632//1408 633//1409
f 617//1410 633//1410 634//1410
f 617//1400 634//1400 635//1400
f 617//1400 635//1400 636//1400
f 617//1400 636//1400 619//1400
f 617//1411 616//1411 637//1411
f 617//1412 637//1412 638//1412
f 617//1413 638//1413 621//1413
f 618//1414 639//1414 640//1414
f 618//1415 640//1415 615//1415
f 615//1416 640//1416 641//1416
f 615//1417 641//1417 642//1417
f 615//1418 642//1418 614//1418
f 619//1419 618//1419 615//1419
f 618//1420 643//1420 639//1420
f 614//1421 642//1421 620//1421
f 620//1422 644//1422 616//1422
f 616//1423 644//1423 637//1423
f 621//1424 638//1424 645//1424
f 621//1425 645//1425 651//1425
f 621//1426 651//1426 646//1426
f 621//1427 646//1427 622//1427
f 640//1428 639//1429 647//1430
f 619//1431 636//1431 643//1431
f 619//1432 643//1432 618//1432
f 639//1433 643//1433 648//1433
f 620//1434 642//1434 661//1434
f 620//1435 661//1435 644//1435
f 644//1436 649//1436 637//1436
f 645//1437 650//1437 651//1437
f 638//1438 637//1438 653//1438
f 638//1439 653//1439 654//1439
f 638//1440 654//1440 645//1440
f 647//1441 655//1441 656//1441
f 647//1430 657//1442 640//1428
f 640//1443 657//1444 641//1445
f 641//1445 657//1444 658//1446
f 641//1447 658//1447 659//1447
f 641//1448 659//1448 660//1448
f 641//1449 660//1449 642//1449
f 636//1450 635//1450 648//1450
f 636//1451 648//1451 643//1451
f 648//1452 647//1452 639//1452
f 648//1453 655//1453 647//1453
f 644//1454 662//1454 663//1454
f 644//1455 663//1455 664//1455
f 644//1456 664//1456 649//1456
f 649//1457 653//1457 637//1457
f 649//1458 664//1458 653//1458
f 622//1459 646//1459 667//1459
f 645//1460 654//1460 650//1460
f 650//1461 654//1461 653//1461
f 652//1462 666//1462 646//1462
f 646//1463 666//1463 667//1463
f 647//1464 656//1464 657//1464
f 635//1465 634//1466 668//1467
f 635//1468 668//1468 648//1468
f 648//1469 685//1469 669//1469
f 648//1470 669//1470 655//1470
f 642//1471 660//1471 661//1471
f 661//1472 660//1472 662//1472
f 661//1473 662//1473 644//1473
f 662//1474 670//1474 663//1474
f 663//1475 670//1475 671//1475
f 663//1476 671//1476 672//1476
f 663//1477 672//1477 664//1477
f 664//1478 672//1478 653//1478
f 653//1479 672//1479 673//1479
f 653//1480 673//1480 674//1480
f 653//1481 674//1481 675//1481
f 653//1482 675//1482 650//1482
f 650//1483 675//1484 676//1485
f 650//1486 646//1486 651//1486
f 646//1487 650//1487 676//1487
f 646//1488 676//1488 677//1488
f 646//1489 677//1489 652//1489
f 652//1490 677//1491 678//1492
f 652//1490 678//1492 665//1493
f 665//1494 666//1494 652//1494
f 655//1495 669//1495 679//1495
f 655//1496 679//1496 680//1496
f 655//1497 680//1497 656//1497
f 656//1498 681//1498 682//1498
f 656//1499 682//1499 657//1499
f 657//1500 682//1500 658//1500
f 659//1501 683//1501 660//1501
f 660//1502 683//1502 662//1502
f 634//1466 684//1503 668//1467
f 648//1504 668//1504 685//1504
f 662//1505 683//1505 686//1505
f 662//1506 686//1506 670//1506
f 670//1507 686//1507 687//1507
f 670//1508 687//1508 671//1508
f 672//1509 689//1510 690//1511
f 672//1509 690//1511 673//1512
f 673//1513 690//1513 674//1513
f 675//1514 674//1514 691//1514
f 675//1484 691//1515 676//1485
f 622//1516 667//1516 666//1516
f 622//1517 666//1517 623//1517
f 676//1518 691//1518 692//1518
f 676//1519 692//1519 677//1519
f 678//1520 677//1520 692//1520
f 678//1521 692//1521 694//1521
f 665//1522 695//1522 666//1522
f 679//1523 696//1523 680//1523
f 669//1524 700//1524 679//1524
f 656//1525 697//1525 681//1525
f 656//1526 680//1526 697//1526
f 682//1527 681//1527 698//1527
f 682//1528 698//1528 659//1528
f 682//1529 659//1529 658//1529
f 659//1530 698//1530 683//1530
f 683//1531 698//1531 699//1531
f 684//1532 634//1532 633//1532
f 668//1533 684//1533 685//1533
f 685//1534 700//1534 669//1534
f 686//1535 699//1535 701//1535
f 686//1536 701//1536 687//1536
f 671//1537 687//1537 688//1537
f 688//1538 702//1538 671//1538
f 671//1539 702//1539 703//1539
f 671//1540 703//1540 672//1540
f 672//1541 703//1541 689//1541
f 689//1542 704//1542 690//1542
f 689//1543 703//1543 705//1543
f 689//1544 705//1544 704//1544
f 690//1545 704//1545 706//1545
f 690//1546 706//1546 674//1546
f 674//1547 706//1547 707//1547
f 674//1548 707//1548 691//1548
f 691//1549 708//1549 692//1549
f 666//1550 695//1550 623//1550
f 665//1551 709//1551 693//1551
f 665//1552 678//1553 710//1554
f 665//1552 710//1554 709//1555
f 678//1556 694//1556 710//1556
f 692//1557 708//1557 694//1557
f 694//1558 708//1558 711//1558
f 693//1559 695//1559 665//1559
f 680//1560 696//1560 697//1560
f 697//1561 716//1562 681//1563
f 681//1564 716//1564 698//1564
f 698//1565 716//1565 717//1565
f 683//1566 699//1566 686//1566
f 633//1567 718//1568 719//1569
f 633//1567 719//1569 720//1570
f 633//1571 720//1571 684//1571
f 684//1572 720//1572 685//1572
f 685//1573 720//1573 721//1573
f 685//1574 721//1574 700//1574
f 700//1575 721//1576 714//1577
f 701//1578 699//1578 722//1578
f 687//1579 701//1579 688//1579
f 702//1580 688//1580 723//1580
f 707//1581 708//1581 691//1581
f 708//1582 707//1582 724//1582
f 623//1583 695//1583 712//1583
f 623//1584 712//1584 725//1584
f 623//1585 725//1585 624//1585
f 693//1586 709//1586 695//1586
f 694//1587 711//1588 726//1589
f 694//1587 726//1589 710//1590
f 695//1591 709//1591 712//1591
f 712//1592 742//1592 728//1592
f 712//1593 728//1593 727//1593
f 712//1594 727//1594 725//1594
f 700//1595 714//1595 679//1595
f 679//1596 714//1597 729//1598
f 679//1596 729//1598 696//1599
f 696//1600 729//1600 713//1600
f 696//1601 713//1601 730//1601
f 696//1602 730//1602 697//1602
f 697//1603 730//1603 715//1603
f 715//1604 731//1604 732//1604
f 715//1605 732//1605 716//1605
f 715//1606 716//1562 697//1561
f 716//1607 732//1607 717//1607
f 698//1608 717//1608 699//1608
f 633//1609 632//1609 718//1609
f 718//1610 632//1610 733//1610
f 718//1611 733//1611 734//1611
f 718//1612 734//1612 719//1612
f 720//1613 719//1613 721//1613
f 721//1614 719//1615 735//1616
f 721//1614 735//1616 736//1617
f 721//1576 736//1618 714//1577
f 722//1619 699//1619 717//1619
f 722//1620 717//1620 732//1620
f 701//1621 722//1621 688//1621
f 688//1622 738//1622 739//1622
f 688//1623 739//1623 723//1623
f 688//1624 722//1624 738//1624
f 702//1625 723//1625 703//1625
f 703//1626 723//1626 705//1626
f 705//1627 740//1627 704//1627
f 704//1628 740//1628 741//1628
f 704//1629 741//1629 706//1629
f 706//1630 741//1630 707//1630
f 708//1631 724//1631 711//1631
f 709//1632 710//1632 742//1632
f 711//1633 724//1633 743//1633
f 711//1634 743//1634 744//1634
f 711//1635 744//1635 726//1635
f 712//1636 709//1636 742//1636
f 727//1637 746//1637 747//1637
f 727//1638 747//1638 725//1638
f 727//1639 728//1639 745//1639
f 727//1640 745//1640 746//1640
f 725//1641 747//1641 624//1641
f 729//1642 748//1642 749//1642
f 729//1643 749//1643 713//1643
f 713//1644 749//1645 750//1644
f 713//1644 750//1644 730//1646
f 714//1647 736//1648 748//1649
f 714//1647 748//1649 729//1650
f 715//1651 730//1651 751//1651
f 715//1652 751//1652 731//1652
f 731//1653 752//1653 732//1653
f 732//1654 752//1654 737//1654
f 732//1655 737//1655 722//1655
f 733//1656 632//1656 631//1656
f 733//1657 631//1657 753//1657
f 733//1658 753//1658 734//1658
f 719//1659 734//1659 735//1659
f 722//1660 737//1660 738//1660
f 738//1661 737//1661 754//1661
f 723//1662 755//1662 705//1662
f 723//1663 739//1663 756//1663
f 723//1664 756//1664 755//1664
f 705//1665 755//1665 740//1665
f 740//1666 757//1666 741//1666
f 741//1667 757//1668 724//1669
f 707//1670 741//1670 724//1670
f 624//1671 747//1671 625//1671
f 710//1672 726//1672 758//1672
f 710//1673 758//1673 742//1673
f 724//1674 759//1674 743//1674
f 743//1675 760//1675 744//1675
f 726//1676 761//1676 758//1676
f 726//1677 744//1677 761//1677
f 742//1678 762//1678 728//1678
f 728//1679 762//1679 763//1679
f 746//1680 625//1680 747//1680
f 746//1681 745//1681 764//1681
f 745//1682 728//1682 763//1682
f 745//1683 763//1683 764//1683
f 730//1684 750//1684 751//1684
f 751//1685 765//1685 731//1685
f 731//1686 765//1686 752//1686
f 752//1687 766//1687 737//1687
f 753//1688 631//1688 767//1688
f 734//1689 753//1689 768//1689
f 734//1690 768//1690 769//1690
f 735//1691 734//1691 769//1691
f 735//1692 769//1692 770//1692
f 736//1693 735//1693 748//1693
f 737//1694 766//1694 754//1694
f 738//1695 771//1695 739//1695
f 739//1696 771//1696 772//1696
f 739//1697 772//1697 756//1697
f 738//1698 754//1698 771//1698
f 754//1699 766//1699 773//1699
f 740//1700 755//1700 757//1700
f 724//1669 757//1668 759//1701
f 758//1702 761//1702 762//1702
f 758//1703 762//1703 742//1703
f 743//1704 759//1704 760//1704
f 760//1705 775//1705 744//1705
f 744//1706 775//1706 761//1706
f 763//1707 776//1707 764//1707
f 763//1708 762//1708 777//1708
f 763//1709 777//1709 776//1709
f 762//1710 761//1710 777//1710
f 746//1711 764//1711 779//1711
f 746//1712 778//1712 625//1712
f 748//1713 780//1714 749//1715
f 749//1715 780//1714 781//1716
f 749//1715 781//1716 750//1717
f 751//1718 782//1718 765//1718
f 751//1719 750//1719 782//1719
f 765//1720 783//1720 766//1720
f 765//1721 766//1721 752//1721
f 753//1722 767//1722 784//1722
f 753//1723 784//1723 768//1723
f 769//1724 785//1724 770//1724
f 769//1725 768//1725 786//1725
f 769//1726 786//1726 785//1726
f 770//1727 748//1727 735//1727
f 772//1728 787//1728 756//1728
f 754//1729 773//1729 771//1729
f 773//1730 766//1730 783//1730
f 755//1731 756//1732 788//1733
f 755//1734 788//1734 757//1734
f 759//1735 757//1735 774//1735
f 761//1736 790//1736 777//1736
f 759//1737 791//1737 792//1737
f 759//1738 792//1738 760//1738
f 759//1739 774//1739 791//1739
f 760//1740 792//1740 775//1740
f 775//1741 792//1741 790//1741
f 775//1742 790//1742 761//1742
f 776//1743 777//1743 793//1743
f 777//1744 790//1744 795//1744
f 777//1745 795//1745 793//1745
f 746//1746 779//1746 778//1746
f 778//1747 796//1747 626//1747
f 778//1748 626//1748 625//1748
f 779//1749 764//1749 797//1749
f 779//1750 796//1750 778//1750
f 764//1751 776//1751 797//1751
f 750//1752 781//1752 798//1752
f 750//1753 798//1753 782//1753
f 782//1754 799//1754 800//1754
f 782//1755 800//1755 765//1755
f 782//1756 798//1756 799//1756
f 765//1757 800//1758 783//1759
f 631//1760 630//1760 767//1760
f 767//1761 630//1761 801//1761
f 767//1762 801//1762 802//1762
f 768//1763 784//1764 803//1765
f 768//1763 803//1765 786//1766
f 770//1767 785//1767 780//1767
f 780//1768 748//1768 770//1768
f 771//1769 773//1769 804//1769
f 771//1770 804//1770 805//1770
f 771//1771 805//1771 772//1771
f 772//1772 805//1772 806//1772
f 772//1773 806//1773 787//1773
f 756//1774 787//1774 789//1774
f 773//1775 783//1775 804//1775
f 788//1733 756//1732 789//1776
f 788//1777 774//1777 757//1777
f 774//1778 807//1778 791//1778
f 791//1779 808//1779 792//1779
f 791//1780 807//1780 808//1780
f 792//1781 810//1781 790//1781
f 793//1782 795//1782 811//1782
f 793//1783 811//1783 776//1783
f 776//1784 811//1784 794//1784
f 794//1785 811//1785 813//1785
f 794//1786 813//1786 812//1786
f 794//1787 812//1787 797//1787
f 794//1788 797//1788 776//1788
f 795//1789 790//1789 810//1789
f 795//1790 814//1790 811//1790
f 626//1791 796//1791 815//1791
f 796//1792 816//1792 815//1792
f 797//1793 816//1794 779//1795
f 779//1795 816//1794 796//1796
f 797//1797 812//1797 816//1797
f 781//1798 780//1798 817//1798
f 798//1799 781//1799 817//1799
f 799//1800 818//1800 800//1800
f 800//1801 818//1801 804//1801
f 800//1758 804//1802 783//1759
f 801//1803 630//1803 819//1803
f 801//1804 819//1804 802//1804
f 802//1805 820//1805 821//1805
f 802//1806 821//1806 822//1806
f 802//1807 823//1807 767//1807
f 767//1808 803//1808 784//1808
f 785//1809 817//1809 780//1809
f 786//1810 824//1810 825//1810
f 786//1811 803//1811 824//1811
f 805//1812 804//1812 827//1812
f 805//1813 827//1813 806//1813
f 789//1814 787//1814 828//1814
f 787//1815 806//1815 829//1815
f 804//1816 818//1816 848//1816
f 788//1817 789//1817 774//1817
f 807//1818 774//1818 789//1818
f 807//1819 789//1819 828//1819
f 808//1820 809//1820 792//1820
f 808//1821 807//1821 831//1821
f 792//1822 832//1822 810//1822
f 811//1823 814//1823 813//1823
f 813//1824 833//1824 834//1824
f 813//1825 814//1825 835//1825
f 812//1826 836//1826 816//1826
f 812//1827 837//1827 836//1827
f 810//1828 832//1828 795//1828
f 795//1829 832//1829 814//1829
f 815//1830 816//1830 840//1830
f 815//1831 840//1831 838//1831
f 626//1832 815//1832 627//1832
f 798//1833 841//1833 842//1833
f 798//1834 842//1834 799//1834
f 798//1835 817//1835 841//1835
f 799//1836 842//1836 818//1836
f 819//1837 630//1837 629//1837
f 819//1838 629//1839 820//1840
f 819//1838 820//1840 802//1841
f 822//1842 823//1842 802//1842
f 822//1843 843//1843 844//1843
f 822//1844 844//1844 823//1844
f 767//1845 823//1846 803//1847
f 786//1848 825//1849 785//1850
f 785//1850 825//1849 817//1851
f 824//1852 845//1852 825//1852
f 804//1853 830//1853 827//1853
f 806//1854 827//1854 846//1854
f 806//1855 846//1855 829//1855
f 787//1856 829//1856 828//1856
f 828//1857 831//1857 807//1857
f 830//1858 848//1858 849//1858
f 830//1859 849//1859 850//1859
f 848//1860 830//1860 804//1860
f 808//1861 831//1861 851//1861
f 808//1862 851//1862 809//1862
f 831//1863 852//1864 851//1865
f 792//1866 809//1866 832//1866
f 812//1867 813//1867 837//1867
f 834//1868 837//1868 813//1868
f 814//1869 853//1869 835//1869
f 835//1870 853//1870 856//1870
f 835//1871 856//1871 857//1871
f 835//1872 857//1872 833//1872
f 835//1873 833//1873 813//1873
f 836//1874 840//1874 816//1874
f 832//1875 853//1875 814//1875
f 838//1876 839//1876 815//1876
f 839//1877 838//1877 858//1877
f 839//1878 627//1878 815//1878
f 840//1879 859//1879 838//1879
f 840//1880 836//1880 859//1880
f 817//1881 825//1881 860//1881
f 817//1882 860//1882 841//1882
f 842//1883 861//1883 848//1883
f 842//1884 848//1884 818//1884
f 841//1885 860//1885 862//1885
f 820//1886 629//1886 628//1886
f 820//1887 628//1887 863//1887
f 820//1888 863//1888 864//1888
f 820//1889 864//1889 821//1889
f 821//1890 865//1890 843//1890
f 821//1891 843//1891 822//1891
f 843//1892 865//1892 866//1892
f 843//1893 867//1893 844//1893
f 823//1894 844//1894 868//1894
f 823//1895 868//1895 826//1895
f 803//1847 823//1846 826//1896
f 824//1897 826//1897 845//1897
f 845//1898 870//1898 825//1898
f 825//1899 870//1899 860//1899
f 826//1900 824//1900 803//1900
f 827//1901 830//1901 846//1901
f 846//1902 830//1902 850//1902
f 846//1903 850//1903 871//1903
f 846//1904 847//1904 829//1904
f 847//1905 872//1905 852//1905
f 847//1906 852//1906 828//1906
f 847//1907 828//1907 829//1907
f 849//1908 848//1908 861//1908
f 849//1909 861//1909 873//1909
f 831//1910 828//1910 852//1910
f 852//1864 874//1911 851//1865
f 809//1912 851//1912 853//1912
f 809//1913 853//1913 832//1913
f 833//1914 857//1914 854//1914
f 833//1915 854//1915 855//1915
f 855//1916 854//1916 875//1916
f 855//1917 875//1917 876//1917
f 855//1918 876//1918 837//1918
f 855//1919 837//1919 833//1919
f 833//1920 837//1920 834//1920
f 836//1921 877//1921 878//1921
f 836//1922 878//1922 859//1922
f 838//1923 859//1923 878//1923
f 838//1924 878//1924 858//1924
f 858//1925 878//1925 879//1925
f 839//1926 880//1926 627//1926
f 842//1927 841//1927 861//1927
f 862//1928 861//1928 841//1928
f 863//1929 628//1929 880//1929
f 863//1930 880//1930 881//1930
f 863//1931 881//1931 864//1931
f 821//1932 864//1932 865//1932
f 866//1933 896//1933 883//1933
f 843//1934 866//1934 884//1934
f 843//1935 884//1935 867//1935
f 867//1936 884//1936 885//1936
f 867//1937 885//1937 886//1937
f 867//1938 869//1939 844//1940
f 868//1941 844//1940 869//1939
f 868//1942 869//1942 826//1942
f 826//1943 869//1943 887//1943
f 845//1944 826//1944 887//1944
f 845//1945 888//1945 870//1945
f 870//1946 888//1946 889//1946
f 870//1947 889//1947 862//1947
f 870//1948 862//1948 860//1948
f 847//1949 846//1949 871//1949
f 847//1950 871//1950 872//1950
f 852//1951 872//1951 874//1951
f 873//1952 861//1952 862//1952
f 873//1953 862//1953 890//1953
f 873//1954 890//1954 849//1954
f 849//1955 890//1955 891//1955
f 849//1956 891//1956 850//1956
f 850//1957 891//1957 871//1957
f 851//1958 856//1958 853//1958
f 874//1959 892//1960 856//1961
f 874//1959 856//1961 851//1962
f 854//1963 893//1963 875//1963
f 875//1964 894//1964 876//1964
f 876//1965 894//1965 895//1965
f 876//1966 895//1967 836//1968
f 876//1966 836//1968 837//1969
f 856//1970 892//1970 857//1970
f 857//1971 892//1971 854//1971
f 836//1972 895//1973 877//1974
f 877//1975 879//1975 878//1975
f 858//1976 879//1976 882//1976
f 858//1977 882//1977 881//1977
f 858//1978 881//1978 839//1978
f 839//1979 881//1979 880//1979
f 628//1980 627//1980 880//1980
f 864//1981 881//1981 882//1981
f 864//1982 882//1982 865//1982
f 865//1983 882//1984 866//1985
f 866//1985 882//1984 896//1986
f 866//1987 883//1987 884//1987
f 885//1988 894//1988 886//1988
f 886//1989 897//1989 867//1989
f 867//1990 897//1990 869//1990
f 869//1991 897//1991 898//1991
f 869//1992 898//1992 887//1992
f 887//1993 898//1993 845//1993
f 845//1994 898//1994 888//1994
f 889//1995 888//1995 899//1995
f 872//1996 900//1996 874//1996
f 862//1997 889//1997 890//1997
f 891//1998 890//1998 901//1998
f 891//1999 901//1999 902//1999
f 891//2000 902//2000 903//2000
f 892//2001 874//2001 900//2001
f 854//2002 900//2002 909//2002
f 854//2003 909//2003 893//2003
f 892//2004 900//2004 854//2004
f 893//2005 904//2005 875//2005
f 875//2006 904//2006 894//2006
f 894//2007 885//2007 905//2007
f 895//2008 894//2008 905//2008
f 895//1973 905//2009 877//1974
f 877//2010 905//2010 883//2010
f 889//2011 899//2011 890//2011
f 896//2012 882//2012 879//2012
f 896//2013 879//2013 883//2013
f 883//2014 879//2014 877//2014
f 883//2015 905//2015 884//2015
f 884//2016 905//2016 885//2016
f 886//2017 894//2017 906//2017
f 886//2018 906//2018 907//2018
f 886//2019 907//2019 897//2019
f 897//2020 907//2020 898//2020
f 898//2021 907//2021 888//2021
f 871//2022 891//2022 872//2022
f 872//2023 891//2023 903//2023
f 903//2024 900//2024 872//2024
f 900//2025 903//2025 902//2025
f 900//2026 902//2026 909//2026
f 901//2027 890//2027 899//2027
f 901//2028 908//2028 909//2028
f 901//2029 909//2029 902//2029
f 893//2030 909//2030 910//2030
f 893//2031 910//2031 904//2031
f 904//2032 911//2032 906//2032
f 904//2033 906//2033 894//2033
f 904//2034 910//2034 911//2034
f 899//2035 912//2036 901//2037
f 906//2038 911//2038 912//2038
f 906//2039 912//2039 907//2039
f 907//2040 912//2040 899//2040
f 907//2041 899//2041 888//2041
f 908//2042 910//2042 909//2042
f 901//2037 912//2036 908//2043
f 908//2044 912//2044 911//2044
f 910//2045 908//2045 911//2045
f 913//1400 915//2046 916//2047
f 913//1400 916//2047 917//2048
f 913//1400 917//2048 918//1400
f 913//1400 918//1400 919//1400
f 913//1400 919//1400 920//1400
f 913//1400 920//1400 921//1400
f 913//1400 921//1400 922//1400
f 913//1400 922//1400 923//1400
f 913//1400 923//1400 924//2049
f 913//1400 924//2049 925//2050
f 913//1400 925//2050 926//2051
f 913//1400 926//2051 927//1400
f 913//1400 927//1400 928//2052
f 913//1400 928//2052 929//2052
f 913//1400 929//2052 930//1400
f 913//1400 930//1400 931//2053
f 913//1400 931//2053 932//2054
f 913//1400 932//2054 933//2055
f 913//1400 933//2055 934//2056
f 913//1400 934//2056 935//2057
f 914//2058 913//2058 935//2058
f 914//2059 935//2059 936//2059
f 914//2060 936//2060 937//2060
f 914//2061 937//2062 938//1159
f 914//2061 938//1159 939//2063
f 914//2061 939//2063 940//2064
f 914//2061 940//2064 941//2065
f 914//2061 941//2065 942//2066
f 914//2061 942//2066 975//2067
f 914//2061 975//2067 943//2068
f 914//2061 943//2068 944//2069
f 914//2061 944//2069 945//2070
f 914//2061 945//2070 946//2071
f 914//2061 946//2071 947//2072
f 914//2061 947//2072 948//1159
f 914//2061 948//1159 949//1159
f 914//2073 949//2073 915//2073
f 914//2074 915//2074 913//2074
f 936//2075 950//2075 937//2075
f 937//2076 950//2076 951//2076
f 936//2077 935//2077 950//2077
f 937//2078 951//2079 938//2080
f 950//2081 935//2081 934//2081
f 950//2082 952//2082 951//2082
f 938//2080 951//2079 953//2083
f 949//2084 948//2084 915//2084
f 915//2085 948//2085 916//2085
f 950//2086 934//2086 952//2086
f 938//2087 953//2087 954//2087
f 953//2088 955//2088 954//2088
f 951//2089 952//2089 956//2089
f 951//2090 956//2091 953//2092
f 952//2093 933//2093 956//2093
f 954//2094 939//2095 938//2096
f 955//2097 957//2097 958//2097
f 955//2098 958//2098 954//2098
f 956//2091 955//2099 953//2092
f 948//2100 947//2100 916//2100
f 934//2101 933//2101 952//2101
f 954//2094 959//2102 939//2095
f 954//2103 958//2104 959//2105
f 955//2106 933//2107 957//2108
f 957//2109 960//2109 958//2109
f 958//2110 960//2110 961//2110
f 956//2111 933//2111 955//2111
f 959//2105 958//2104 961//2112
f 959//2113 961//2113 962//2113
f 959//2114 962//2114 963//2114
f 959//2115 963//2115 939//2115
f 933//2107 932//2116 957//2108
f 960//2117 964//2117 961//2117
f 947//2118 965//2118 917//2118
f 947//2119 917//2119 916//2119
f 962//2120 966//2120 963//2120
f 963//2121 940//2121 939//2121
f 957//2122 932//2122 960//2122
f 960//2123 932//2123 964//2123
f 964//2124 932//2124 931//2124
f 964//2125 962//2125 961//2125
f 965//2126 947//2126 946//2126
f 965//2127 946//2127 967//2127
f 966//2128 962//2128 964//2128
f 963//2129 966//2129 940//2129
f 967//2130 946//2130 945//2130
f 967//2131 945//2131 968//2131
f 965//2132 967//2132 918//2132
f 965//2133 918//2133 917//2133
f 964//2134 931//2134 930//2134
f 964//2135 930//2135 969//2135
f 964//2136 969//2136 966//2136
f 967//2137 968//2138 919//2139
f 967//2140 919//2140 918//2140
f 969//2141 971//2141 966//2141
f 966//2142 971//2142 970//2142
f 970//2143 971//2143 972//2143
f 966//2144 970//2144 940//2144
f 969//2145 930//2145 929//2145
f 968//2146 945//2146 944//2146
f 968//2147 944//2148 973//2149
f 968//2138 920//2150 919//2139
f 969//2151 929//2151 971//2151
f 970//2152 972//2152 974//2152
f 970//2153 974//2153 940//2153
f 929//2154 928//2154 971//2154
f 968//2147 973//2149 920//2155
f 973//2156 921//2156 920//2156
f 972//2157 927//2157 926//2157
f 972//2158 926//2158 974//2158
f 972//2159 971//2159 928//2159
f 972//2160 928//2160 927//2160
f 974//2161 941//2161 940//2161
f 944//2162 943//2162 973//2162
f 921//2163 973//2163 975//2163
f 921//2164 975//2164 922//2164
f 974//2165 926//2165 925//2165
f 974//2166 925//2166 941//2166
f 943//2167 975//2167 973//2167
f 941//2168 925//2168 942//2168
f 922//2169 975//2169 942//2169
f 942//2170 925//2170 924//2170
f 922//2171 942//2171 923//2171
f 924//2172 923//2172 942//2172
f 439//2173 468//2173 358//2173
f 312//2174 341//2174 313//2174
f 109//2175 86//2175 108//2175
f 549//2176 550//913 466//912
f 248//2177 249//2177 233//2177
f 534//1195 478//2178 447//1196
f 120//2179 207//2179 182//2179
f 488//2180 486//2180 511//2180
f 296//1248 241//2181 263//1249
f 83//2182 45//1142 133//1141
f 384//2183 350//2183 407//2183
f 331//2184 304//2184 358//2184
f 279//1279 278//2185 233//1280
f 229//2186 199//2186 276//2186
f 348//2187 323//2187 295//2187
f 542//1293 487//2188 456//1294
f 113//2189 67//2189 89//2189
f 29//1091 78//2190 30//1089
f 196//2191 134//2191 226//2191
f 113//2192 156//2192 155//2192
f 564//1010 563//2193 584//1011
f 285//2194 287//2194 257//2194
f 552//2195 501//2195 585//2195
